name,email,phone,dob,credit card type,interests space seperated
Kasidit Treweek,Treweek@cohera.com,+44 (645) 96317722,2018,,
Harpreet Mahony,Mahony@nodak.edu,+27 (757) 57722209,2018,,
Dannz Heering,Heering@lante.com,2018,,
Sujit Azevdeo,Azevdeo@co.in,2018,,
Makram Nahapetian,Nahapetian@uni-mb.si,2018,,
Laurian Kang,Kang@nodak.edu,2018,,
Junji Furudate,Furudate@ou.edu,+58 (341) 47491129,2018,,
Mehrdad Herberle,Herberle@edu.au,2018,,
Naomi Kwedlo,Kwedlo@cohera.com,+79 (510) 3545345,2018,,
Merrick Rapin,Rapin@csufresno.edu,+23 (62) 36866659,2018,,
Duri Allison,Allison@microsoft.com,+76 (769) 13840778,2018,,sides  search soldier trodden  
Manjit O'Reagan,O'Reagan@ucdavis.edu,2018,,
Kyungsook Schatz,Schatz@sleepycat.com,+57 (495) 51255340,2018,,
Jent Rodiger,Rodiger@uqam.ca,+73 (650) 72499956,2018,,ingrateful cannoneer mournful  oppos  cure air  exile natures pistol creating  
LouAnn Mulvany,Mulvany@ucla.edu,+82 (159) 89097976,2018,,substitute comparisons desire philip  climb begin temple scratch  court dress beshrew loath  
Saeeiab Skogmar,Skogmar@labs.com,2018,,
Swaroop Schieder,Schieder@uregina.ca,2018,,
Yasuharu Broll,Broll@arizona.edu,+4 (700) 44636792,2018,,
Keumog Gellerich,Gellerich@ab.ca,+17 (761) 79845175,2018,,she duke  mistresses honor rush  disposition  rain reporting brabantio oathable  maiden coy countryman  sixth  sledded absence apparent hunt  
Rattasit Brookman,Brookman@edu.sg,+60 (801) 48326098,2018,,public again till octavia  sour can  
Gift Polupanov,Polupanov@rutgers.edu,+22 (495) 60376454,2018,,
Eleanna Loulergue,Loulergue@imag.fr,+56 (683) 61705191,2018,,useless vill admired  synod planet hangings pow  fare  
Gerardine Mandell,Mandell@yorku.ca,2018,,
Taokuan Oksanen,Oksanen@ucsb.edu,2018,,
Krisda Tyugu,Tyugu@att.com,+52 (885) 40835060,2018,,
Kendra Kumaresan,Kumaresan@llnl.gov,2018,,
Reva Aseltine,Aseltine@mit.edu,2018,,
Giansalvatore Eilertsen,Eilertsen@dec.com,2018,,
Gaochao Spirkovska,Spirkovska@clustra.com,2018,,
Naftali Thimonier,Thimonier@pi.it,+34 (654) 2342236,2018,,
Bette Erev,Erev@nyu.edu,2018,,marg  think bells message  
Golgen Sichman,Sichman@filemaker.com,2018,,
Katsumasa Takano,Takano@uni-mb.si,+20 (640) 15359005,2018,,ere ride  streams inclination  misdeeds cast sighs shear  
Mehrdad Forgie,Forgie@edu.au,2018,,
Woo Bultitude,Bultitude@rwth-aachen.de,+77 (702) 24700683,2018,,
Innes Ulfberg,Ulfberg@propel.com,2018,,
Subash Takano,Takano@sybase.com,+91 (99) 35345125,2018,,
Minshine Conta,Conta@filelmaker.com,2018,,
Achilleas Kober,Kober@hitachi.com,+51 (554) 54628205,2018,,
Walid Henser,Henser@ac.at,2018,,
Eiji Bacciotti,Bacciotti@lbl.gov,+16 (37) 66918880,2018,,
Javed Liebowitz,Liebowitz@pi.it,2018,,
Eneko Leask,Leask@versata.com,+50 (283) 62608318,2018,,
Mehrdad Riefers,Riefers@uic.edu,2018,,
Guoping Ghazalie,Ghazalie@sunysb.edu,+33 (985) 11293895,2018,,precise rosaline very  straight  
Apostol Lambadaris,Lambadaris@earthlink.net,2018,,
Odoardo Rajaraman,Rajaraman@ul.pt,+77 (650) 36417073,2018,,unclean wear  willing although  whale runs  lies subtly  defence  
Ziyad Sereno,Sereno@informix.com,+79 (441) 97096002,2018,,
Yuqun Dessi,Dessi@infomix.com,2018,,
Babu Maraist,Maraist@broadquest.com,+4 (466) 32651077,2018,,
Akimou Tyugu,Tyugu@edu.au,2018,,
Gritta Maraist,Maraist@monmouth.edu,+96 (659) 13662112,2018,,
Howell Motley,Motley@uic.edu,+31 (167) 44104937,2018,,
Ferdi Niccum,Niccum@njit.edu,+94 (193) 66596967,2018,,
Jaejin Hauswirth,Hauswirth@pitt.edu,2018,,
Sukhmay Schwartzbauer,Schwartzbauer@purdue.edu,+25 (821) 27639999,2018,,reg drives  forever mistook privately estate  sentence raz tax scar  
Arra Orengo,Orengo@rice.edu,+1 (198) 8384251,2018,,
Yanxiang Sussmann,Sussmann@ucla.edu,+65 (811) 41647229,2018,,
Sjaak Hanratty,Hanratty@edu.cn,2018,,
Lizya Takano,Takano@sbphrd.com,2018,,
Ashoka Iisaku,Iisaku@smu.edu,+65 (91) 93040999,2018,,
Yingnan Litvinov,Litvinov@pitt.edu,+94 (17) 62616135,2018,,
Bong Macedo,Macedo@uic.edu,2018,,
Joonsoo Pollacia,Pollacia@co.in,+51 (369) 30160134,2018,,
Amalendu Takano,Takano@stanford.edu,+52 (715) 35744857,2018,,
Ramachendra Gecsei,Gecsei@unf.edu,+6 (369) 60969899,2018,,
Tokinori Pinzani,Pinzani@forth.gr,2018,,shalt pit  sleeping mind grew mum  
Martial Miara,Miara@lante.com,2018,,channel presumption jove geffrey  mistresses honor rush  might countenance needful  airy verse  lack preparation saw  riches cream  exempt  
Sudip Rekhter,Rekhter@cas.cz,2018,,stockings method censures  jack tying  
Grady Bitner,Bitner@uwindsor.ca,2018,,hearty ring violate  longing assur charge  
Sachem Grab,Grab@indiana.edu,2018,,soul engender  mortified  poet reek achilles usest  
Changsik Demiroz,Demiroz@umd.edu,+72 (659) 46328625,2018,,synod planet hangings pow  comest london  
Mehrdad Gabbrieli,Gabbrieli@unbc.ca,+46 (937) 77346769,2018,,
Tamitha Iwanski,Iwanski@auth.gr,+24 (139) 3609255,2018,,
Hagen Artosi,Artosi@clustra.com,2018,,commission play peevish  stayed pillow  easily fang disposing  tall met forked  crab affin  
Mitsugu Thoben,Thoben@sbphrd.com,2018,,souls cast cup  whereof apace action cell  amongst defy  sups volume prate lucifer  depart maids  cain nobleman virtuous  presents transshape needful very  stars ambition  
Sushant Baransky,Baransky@du.edu,2018,,deformity away  sleeping mind grew mum  mad pernicious  
Uno Carrera,Carrera@propel.com,+95 (456) 14902033,2018,,
Ayako Dahlbom,Dahlbom@uni-marburg.de,+19 (570) 75829949,2018,,
Yasubumi Merro,Merro@filemaker.com,2018,,
Hafedh Tayara,Tayara@purdue.edu,2018,,
Sigal Kinsner,Kinsner@lante.com,+32 (487) 34750945,2018,,
Burkhard Guardalben,Guardalben@nodak.edu,2018,,
LiMin Meekings,Meekings@ibm.com,2018,,
Yahui Tanemo,Tanemo@uqam.ca,2018,,imputation  sinon  meeting everlasting  lack most  tremble pity  
Sibsankar Lowrie,Lowrie@ucsb.edu,+35 (10) 95453881,2018,,
Kalappa Griswold,Griswold@columbia.edu,+40 (998) 77853952,2018,,
Hagbae Gershkovich,Gershkovich@llnl.gov,2018,,glou  boil lord thy  clo  obey claim accoutrement napkins  accus kissing effect growth  enrich  service attention carved lamentable  gloucester searching unkiss pitiful  bended yourself cause all  profit voyage loins  stony starve washes durst  
Bartek Schumaker,Schumaker@labs.com,2018,,tott told jove fantastic  has edge king  ridges soldiers heaps living  suitors cave  
Baruch Karcich,Karcich@inria.fr,2018,,
Masanao Fregonese,Fregonese@lucent.com,2018,,
Rupal Takano,Takano@conclusivestrategies.com,2018,,underhand food forge lank  succession impatient corrections  lout together  playfellow double  gave most  melt fetters creditor gory  lowliness sad hence acts  
Neelam Passafiume,Passafiume@hitachi.com,+33 (959) 42327362,2018,,norway expectation forked  majesty  deserver clitus poles  
Ramkrishnan Casley,Casley@umkc.edu,2018,,
Mehrdad Apperley,Apperley@ibm.com,+86 (562) 1779512,2018,,tell wide wipe  met herself  audience sinews  walks cressid vein  presents transshape needful very  lining  ransom continuer emilia grove  counted door defending pleasant  
Slavian Alameldin,Alameldin@filelmaker.com,+26 (263) 57806070,2018,,
Nathalie Rychly,Rychly@cti.gr,+72 (89) 39818999,2018,,
Branson Mahboob,Mahboob@bell-labs.com,+41 (643) 80021178,2018,,
Shreesh Atchley,Atchley@edu.cn,2018,,
Ayakannu Stemann,Stemann@unizh.ch,+45 (362) 60815712,2018,,
Wieb Baum,Baum@bell-labs.com,2018,,mangled dogs tender verse  comest london  longaville  fenton wants highway  thetis preventions  
Alassane Brown,Brown@ac.be,2018,,entering marshal flattering shriek  university wife asham  odds blest  commune  choke bene  entirely lily remorseless  
Ethan Okurowski,Okurowski@ucdavis.edu,+51 (79) 60252735,2018,,
Munenori Angele,Angele@ubs.com,2018,,
Elisa Stomenovic,Stomenovic@arizona.edu,2018,,
Drago Showalter,Showalter@auc.dk,+37 (446) 68917718,2018,,pinnace virginity dighton wilt  alone  tumbling vault surety loyal  stocks equivocal  kneels  abbey philosophical  limbs chairs allow ghost  forced murder  
Amnon Farris,Farris@lante.com,2018,,
Mas Bretthauer,Bretthauer@uu.se,2018,,spectators obey began  trumpets catching  serves apparition  tickle act cheer haste  
Jacky Kunieda,Kunieda@uni-mannheim.de,2018,,privilege vast buttock  frantic learn learned grapple  affect ears stare diest  conveyance  parts curs  view  supper fall supposed  grand  
Hideya Zeleznik,Zeleznik@ac.jp,2018,,
Fano Usmani,Usmani@unf.edu,2018,,urgest prophet  injur daughters  casting homely  
Ardaman Underwood,Underwood@ucdavis.edu,2018,,hedg  protest will plunge cushions  offer prophet lieutenant scorn  
Endre Schmeck,Schmeck@ucf.edu,+90 (181) 30548049,2018,,
Monique Eastman,Eastman@dauphine.fr,2018,,
Chinya Uludag,Uludag@airmail.net,+57 (515) 65520477,2018,,
Elihu Salinas,Salinas@ucdavis.edu,+32 (64) 51738560,2018,,kneels  whips  whereof apace action cell  wine thicket whore mortal  
Irvin Takano,Takano@purdue.edu,2018,,
Mads Kubera,Kubera@nyu.edu,2018,,
Elham Pelletreau,Pelletreau@ul.pt,+29 (498) 53523990,2018,,morning sore  prattle most messenger cornelius  itself incense jot  
Mohamadou Shreve,Shreve@forth.gr,+87 (188) 4307587,2018,,
Mehrdad Rivenburgh,Rivenburgh@ac.kr,2018,,
Zicheng Raupp,Raupp@umd.edu,+31 (718) 27156242,2018,,rom seems  ungarter quarries  severally mourn appear measure  sole hug retreat  fifty saint  advances ugly tame rod  public again till octavia  clown presence  porter counsellor  best pine grace  mouths saint slander catesby  private  mortified  abbey philosophical  speaks scale dishonour dreadful  conveyance  severals lack staring torches  cunning pleasing  
Christoper Witteveen,Witteveen@ac.at,2018,,
Liujian Stanger,Stanger@ubs.com,+42 (704) 32802961,2018,,
Mabo Litecky,Litecky@indiana.edu,2018,,
Bokyung Ranganath,Ranganath@lante.com,2018,,
Xiadong Graw,Graw@uic.edu,+95 (999) 87570222,2018,,
Jayanti Vesna,Vesna@co.jp,+67 (894) 5266978,2018,,
Rosalyn Borrowman,Borrowman@panasonic.com,+5 (372) 31505679,2018,,wager  forgot set jests promis  breasts stronger cicero  university wife asham  welcome brief playfellows freeze  has edge king  preposterous  channel presumption jove geffrey  disloyal loyalty grave  blur  distress reliev hardly  synod planet hangings pow  
Godehard Sifakis,Sifakis@nwu.edu,+46 (896) 79836682,2018,,
Gregor Loewenstern,Loewenstern@crossgain.com,2018,,
Boon Oestreicher,Oestreicher@ucf.edu,2018,,
Kris Hauskrecht,Hauskrecht@zambeel.com,+37 (851) 27344476,2018,,
Odinaldo Couclelis,Couclelis@savera.com,2018,,sullen untir hurts  fully admirable jewel  sets  
Yiyun Felcyn,Felcyn@nwu.edu,+47 (217) 3621840,2018,,
Jovan Takano,Takano@uiuc.edu,+69 (121) 45608431,2018,,
Hercules Forne,Forne@ac.kr,+23 (918) 34596768,2018,,
Make Lichtman,Lichtman@cas.cz,2018,,
Taekyoung Marchuk,Marchuk@upenn.edu,+96 (488) 95049506,2018,,
Berardo Radwan,Radwan@clarkson.edu,2018,,contents block rebellion cure  stockings method censures  swore commendations read clout  wrath dreams  university wife asham  love get litter  
Attila Littlestone,Littlestone@sdsc.edu,+39 (510) 58628234,2018,,
Jianli Gide,Gide@fsu.edu,+26 (258) 29189691,2018,,gave most  sentence  
Mehrdad Rayside,Rayside@zambeel.com,2018,,
Martial Chorvat,Chorvat@zambeel.com,+9 (111) 95736772,2018,,aumerle bastard pendent surrey  easily fang disposing  mad pernicious  compass anger shook how  
Hideo Korach,Korach@cas.cz,2018,,journey school seize civil  hard cleopatra offends  nonprofit ask tough perdita  severals lack staring torches  
Manjai Pessaux,Pessaux@edu.cn,+84 (409) 53343249,2018,,
Zita Capobianchi,Capobianchi@baylor.edu,+98 (179) 37578274,2018,,
Yanni Montemayor,Montemayor@ac.at,+88 (77) 60416079,2018,,
Yingsha Businaro,Businaro@sleepycat.com,2018,,
Navin DuBourdieux,DuBourdieux@lri.fr,+71 (604) 10844895,2018,,
Asmus Haneke,Haneke@unical.it,+57 (858) 51663927,2018,,repair flourish  stage  beseech durst  box  whole felt lodges workmen  front richer  lead tower own red  
Mitsuteru Edman,Edman@umich.edu,2018,,
Zerksis Bustard,Bustard@duke.edu,2018,,
Takakazu Puustjarvi,Puustjarvi@berkeley.edu,+42 (129) 73643165,2018,,
Suneeta Baptiste,Baptiste@neu.edu,2018,,stumbled  process tells  
Heng Bresenham,Bresenham@auth.gr,2018,,
Dabid Erman,Erman@airmail.net,2018,,
Atreye Livari,Livari@msn.com,+48 (854) 36393469,2018,,menas dug told fires  counted door defending pleasant  wine thicket whore mortal  
Mehrdad Ozhan,Ozhan@evergreen.edu,+54 (764) 21078843,2018,,
Marsha Flagg,Flagg@mit.edu,2018,,
Staphane Ariola,Ariola@unf.edu,2018,,solicited  saw disguis  
Yueming Penn,Penn@cti.gr,2018,,
Darko Escriba,Escriba@prc.com,+26 (752) 59994786,2018,,
Gurmeet Beounes,Beounes@yorku.ca,2018,,pie  guilt influences unhallowed friar  
Narendra Takano,Takano@gmu.edu,+96 (315) 93721274,2018,,
Avraham Ruemmler,Ruemmler@auth.gr,+19 (51) 89920368,2018,,
Junji Lalonde,Lalonde@unl.edu,2018,,
Madeleine Narin'ani,Narin'ani@ntua.gr,2018,,
Hironobu Norsworthy,Norsworthy@mitre.org,2018,,
Lucien Cunliffe,Cunliffe@mit.edu,+28 (189) 55947455,2018,,divinity naught cor fort  notable chorus bodkin  clown presence  entirely lily remorseless  youngest plainer  voice fruitful  youngest goose  speaks lightness  mangled dogs tender verse  marcus broad perfection mount  well opinion  earl complain  flatter repose attend polonius  
Mehrdad Bierbaum,Bierbaum@sdsc.edu,2018,,prerogatived  nan loath  secrets hate discredit feel  
Takaaki Carrick,Carrick@washington.edu,2018,,height  subtle bought presence  virgins  parts curs  across  
Christi Kendall,Kendall@ucf.edu,+35 (803) 96999663,2018,,stumbled  descent thanks windsor  
Roar Tepfenhart,Tepfenhart@duke.edu,2018,,valor forced smoking precise  unkennel deceiv  confession vauvado depth  antony  frowns foster ring  expected  larded nightly strove  riddle  act flames  disgrace content  preventions  goal applauses extremity  high discourses  breast  shalt pit  roaring  lout together  bounty bars commanders con  speaks lightness  prepares preventions  
Randal Roush,Roush@msstate.edu,2018,,comparison singly dinner  pomp airs dat  revengeful moves moment could  years rein octavius perchance  
Asha Dumas,Dumas@twsu.edu,2018,,does encount attend adder  casting homely  states  
Jacob Townsend,Townsend@microsoft.com,+85 (120) 9482366,2018,,
Nataraj Tasistro,Tasistro@ac.jp,2018,,
Sueli Heinisuo,Heinisuo@uic.edu,2018,,
Jarke Karlsson,Karlsson@nwu.edu,2018,,
Beshir Takano,Takano@edu.cn,+63 (789) 49899433,2018,,
Hannah Baranowski,Baranowski@telcordia.com,+37 (603) 29410787,2018,,
Sheilah Takano,Takano@neu.edu,+53 (691) 46630860,2018,,way undo parts  doff  
Angel Kanamori,Kanamori@telcordia.com,+52 (780) 68323725,2018,,girl  followers  
Mokrane Alameldin,Alameldin@evergreen.edu,2018,,
Willemien Nollmann,Nollmann@ucd.ie,+29 (472) 94279665,2018,,
Shooichi Raither,Raither@concordia.ca,+97 (224) 84514307,2018,,
Honari Vendrig,Vendrig@bell-labs.com,2018,,doctors muzzle natures  settle christendom  othello wert  kin fence cough shepherdess  shall generally  marg  pois note  example those oblivion alisander  princely mere poverty  abbey philosophical  love get litter  anything sixteen  
Pragnesh Takano,Takano@labs.com,2018,,assistance sides  goodness  coming growth fare  instalment cat puling  lest sea painted whereon  firm hear  
Yannik Hamblin,Hamblin@cohera.com,2018,,french troth drones ornaments  burgundy amen ope instances  hie gent  
Tuyen Otterloo,Otterloo@smu.edu,+11 (925) 87432821,2018,,
Magy Yuval,Yuval@sds.no,+87 (46) 75273226,2018,,guilt influences unhallowed friar  secrecy translate stool neither  ungarter quarries  morning sore  parting provide  him adriano  
Mehrdad Faulstich,Faulstich@csufresno.edu,+37 (531) 95939961,2018,,
Hichem Galiana,Galiana@ust.hk,2018,,
Nikolaos Birdsall,Birdsall@clarkson.edu,2018,,tall met forked  along sue  fear pow rare slavery  perjury curse stranger seduc  tried hand  shall generally  lack preparation saw  bravely english voltemand desires  submission  slow seizes  hands unworthy falls nothing  bank drink ballads possess  resort forsooth protect endured  
Okuhiko Girona,Girona@rpi.edu,2018,,
Kali Detmer,Detmer@prc.com,2018,,
Kevan Weedon,Weedon@pitt.edu,2018,,
Birte Booker,Booker@rwth-aachen.de,2018,,
Massayuki Falby,Falby@unical.it,2018,,
Martien Noortwijk,Noortwijk@co.in,2018,,ireland  private  
Danae Tedrick,Tedrick@uni-sb.de,+42 (743) 73559061,2018,,
Alban Kossowski,Kossowski@emc.com,2018,,sore palter sanctuary ended  act flames  
Pierrette Valiente,Valiente@ask.com,+23 (367) 34390368,2018,,
Danijela Isard,Isard@mitre.org,2018,,
Naoki Osterloh,Osterloh@ask.com,2018,,players  showing bid provide  montano  banqueting chastity  she duke  longaville  counterfeit  lead tower own red  
Gentaro Coolsaet,Coolsaet@cohera.com,2018,,
Luisa Krasemann,Krasemann@okcu.edu,2018,,
Jawed Grundmann,Grundmann@purdue.edu,2018,,rivers churlish changes  preposterous  
Lai Greenwald,Greenwald@filelmaker.com,+69 (922) 35916160,2018,,stumbled  corporal  flames shed  govern subduements loving offence  might countenance needful  offer had afternoon  
Mitchel Cunliffe,Cunliffe@dauphine.fr,2018,,bookish muster  husband parents ceres  naught  
Yoshiki Blumberg,Blumberg@ask.com,+90 (263) 76107630,2018,,plough war room  itch wounded  preventions warrant schedule  trees  clubs sirrah nights  point serious hatred prologue  
Mehrdad Heckroth,Heckroth@mitre.org,+60 (279) 14720363,2018,,
Yingquan Satyanarayanan,Satyanarayanan@memphis.edu,+1 (789) 86223083,2018,,
Poorav Ishizuka,Ishizuka@umd.edu,2018,,
Imsong Baru,Baru@uni-mannheim.de,+48 (415) 64585105,2018,,
Elgin Doering,Doering@brown.edu,2018,,
Mehrdad Schreier,Schreier@clustra.com,2018,,
Jingling Wynblatt,Wynblatt@ubs.com,+99 (368) 59241658,2018,,
Toshimi Wijshoff,Wijshoff@ualberta.ca,+28 (230) 78058473,2018,,
Pyeong Androutsos,Androutsos@co.jp,+41 (516) 22144782,2018,,
Renzo Rajamony,Rajamony@utexas.edu,+17 (54) 71943454,2018,,
Hannelore Erni,Erni@monmouth.edu,+63 (506) 92685598,2018,,
Mayumi Ramaswamy,Ramaswamy@ucf.edu,+40 (798) 4189941,2018,,
Masamitsu Andaleon,Andaleon@cti.gr,2018,,prattle most messenger cornelius  numb rusted hinges circumstance  eleanor  lout together  
Ismaeil Cornard,Cornard@umass.edu,2018,,
Remigijus Przulj,Przulj@rwth-aachen.de,+81 (167) 73651907,2018,,tax ventidius child going  leaves account strew assure  dislocate valiant get maiden  across  brim  
Persi Motwani,Motwani@edu.sg,+58 (444) 84945661,2018,,
Oddvar Kamijo,Kamijo@ou.edu,2018,,lie shepherd spur  sentence raz tax scar  frowns foster ring  wretches exclamation temporal extreme  mock  solicited  
Milos Braccini,Braccini@dauphine.fr,+34 (70) 33686042,2018,,
Ersan Lagarias,Lagarias@clustra.com,2018,,
Geraldine Relihan,Relihan@toronto.edu,2018,,fearful  stumbled  ours  pie  those discharge  authorities indigested  confession vauvado depth  
Kalappa Melkman,Melkman@uu.se,+6 (839) 9740549,2018,,
Padhraic Begiun,Begiun@co.jp,+78 (736) 25086109,2018,,
Tommaso Bavuso,Bavuso@uni-mannheim.de,+69 (425) 77066352,2018,,
Mircea Gunderson,Gunderson@ntua.gr,2018,,
Mostafa Berztiss,Berztiss@msn.com,+87 (338) 32564116,2018,,
Shianyow Birta,Birta@arizona.edu,+51 (169) 45118245,2018,,
Mehrdad Takano,Takano@labs.com,+93 (348) 26876355,2018,,
Laird Kari,Kari@emc.com,2018,,
Sanford Mergen,Mergen@msstate.edu,+34 (83) 59081274,2018,,remarkable again  solicited  fifty saint  
Felip Veevers,Veevers@ualberta.ca,+47 (332) 84509646,2018,,stoop instantly  montano  
Loay Keustermans,Keustermans@upenn.edu,2018,,jesu six  fenton wants highway  owes reputation gods infant  height  visage banishment  advice pot folks  quiet lik  flatter repose attend polonius  stockings method censures  still issue artire  
Allison Balazs,Balazs@ibm.com,+44 (900) 757925,2018,,riot myself  worthier noble mirror  pore whereon correction william  
Etsuo Plessier,Plessier@labs.com,2018,,
Arup Zhongxiu,Zhongxiu@savera.com,+29 (125) 42187164,2018,,parthia  abbey philosophical  wine levies  sink dainty jot  
Hartmut Feder,Feder@uwindsor.ca,2018,,
Kyosun Takano,Takano@umb.edu,+73 (430) 19449928,2018,,content ungentle kingdoms helpful  reg drives  
Mehrdad Speek,Speek@ac.be,2018,,
Zhu Ravindranathan,Ravindranathan@msstate.edu,2018,,
Mandayam Wittlich,Wittlich@ogi.edu,+45 (948) 63078388,2018,,youngest plainer  less cheap alice  
Evgueni Lanneluc,Lanneluc@ubs.com,+64 (788) 62421148,2018,,
Navdeep Tyszer,Tyszer@utexas.edu,2018,,
Judicael Grisedale,Grisedale@dauphine.fr,+91 (645) 11074073,2018,,
Kiam Farrag,Farrag@oracle.com,+27 (323) 38663287,2018,,
Srihari Murrill,Murrill@edu.cn,+10 (680) 90192542,2018,,hume  underhand food forge lank  
Shriram Rothstein,Rothstein@poznan.pl,+93 (390) 27324627,2018,,
Murthy Kobsa,Kobsa@cmu.edu,2018,,dagger obey search  burthen  
Yukata Beauducel,Beauducel@poznan.pl,+84 (416) 17537136,2018,,cell samp  bright sights idle calendar  act rattle  prisoner unpregnant upon  furthest thunder bene bemonster  fill when yourself  
Marleen Hancart,Hancart@unical.it,+79 (431) 55058939,2018,,feeble declare nettles  measure absence enter montagues  crush lascivious dames  casca sells menelaus passage  tax ventidius child going  kills  
Xioalin Piera,Piera@nyu.edu,2018,,
Cristina Onaga,Onaga@stanford.edu,+56 (17) 80057156,2018,,
Ingar Badr,Badr@baylor.edu,+9 (331) 16907141,2018,,
Guenther Raum,Raum@acm.org,+32 (915) 33323099,2018,,
Upendra Sueyoshi,Sueyoshi@msstate.edu,+49 (581) 14203654,2018,,urgest prophet  scarf trim wouldst care  pinnace virginity dighton wilt  cue drunk herring did  rabblement  grieved beshrew preventions  scarce  choke bene  immediately glad  
Chams Michailidis,Michailidis@ntua.gr,+1 (631) 30125658,2018,,princely mere poverty  made  order  bloody knowing  love falchion  amongst defy  courtier  voice horatio  disgraces  coil needs  badge  powers mankind casket taste  terrible speeches shop  
Roseane Henton,Henton@csufresno.edu,2018,,appetites  father earth discover  having guildenstern courtier merit  
Jayavel Heeffer,Heeffer@clustra.com,+47 (939) 96063181,2018,,
Hongsing Marrevee,Marrevee@cas.cz,+95 (663) 91513542,2018,,
Priyadarshan Burgert,Burgert@savera.com,+35 (266) 38504410,2018,,mercury  doctors muzzle natures  depart contrive within  
Merce Beoumes,Beoumes@washington.edu,+65 (490) 35799609,2018,,clears stranger chin drum  nonprofit ask tough perdita  cares  
Arunas Pidd,Pidd@sfu.ca,+27 (119) 95614974,2018,,
Vesna Stabell,Stabell@yahoo.com,+67 (298) 98043680,2018,,
Mirjana Sydow,Sydow@purdue.edu,+77 (385) 56605196,2018,,
Fei Losee,Losee@cwi.nl,+49 (533) 67416121,2018,,
Vwani Mahalanabis,Mahalanabis@ubs.com,+81 (744) 11803028,2018,,afford corruption enjoy him  shield  
Jolita Vidal,Vidal@hitachi.com,+86 (749) 8229287,2018,,
Shounak Donjerkovic,Donjerkovic@gmu.edu,2018,,
Bostjan Gugliotta,Gugliotta@ask.com,+95 (102) 29666042,2018,,
Mehrdad Ewards,Ewards@edu.hk,2018,,array  parthia  foresee whelp graces traitor  banish normandy  touch judas cornelius  solicited  write  
Arvola Takano,Takano@fernuni-hagen.de,2018,,
Haralampos Mukund,Mukund@versata.com,2018,,
Xuejia Mattern,Mattern@sun.com,2018,,
Yoonsuck Hamalainen,Hamalainen@newpaltz.edu,+34 (89) 95539596,2018,,
Paddy Biros,Biros@ogi.edu,+69 (832) 91622043,2018,,
Inaki MacLean,MacLean@ac.uk,2018,,
Kristina Mavronicolas,Mavronicolas@prc.com,+47 (416) 1272882,2018,,
Mehrdad Dundas,Dundas@ac.uk,2018,,befits hir tent  process tells  crab affin  abbey philosophical  orchard report chooser lees  
Ruben Prinz,Prinz@ac.jp,+93 (551) 97857060,2018,,nan loath  lady alive when  
Afke Waligora,Waligora@sbphrd.com,2018,,
Zhaowei Calmet,Calmet@rwth-aachen.de,+85 (595) 88204778,2018,,
Branimir Waschkowski,Waschkowski@uta.edu,2018,,
Yeogirl Wing,Wing@csufresno.edu,+76 (145) 16849521,2018,,
Khedija Yonezawa,Yonezawa@clustra.com,+4 (596) 3275273,2018,,accus kissing effect growth  image thursday  boil lord thy  hearty ring violate  hark comes caucasus  
Teru Yamauchi,Yamauchi@ernet.in,+39 (338) 83056576,2018,,
Eben Schreiter,Schreiter@lbl.gov,2018,,
Xiaoyong Schimmler,Schimmler@twsu.edu,+31 (582) 14937904,2018,,
Youngmok Larus,Larus@umass.edu,+67 (287) 20635141,2018,,
Dinkar Abdennadher,Abdennadher@uta.edu,2018,,
Mehrdad Takano,Takano@cabofalso.com,+53 (32) 5259808,2018,,
Kiyokazu Malabarba,Malabarba@uni-freiburg.de,2018,,
Mikiya Jorissen,Jorissen@wisc.edu,+13 (351) 9234474,2018,,
Nabiha Musen,Musen@cti.gr,+97 (29) 33873866,2018,,disgrace content  his further  kneels  deceit  search soldier trodden  covert  wide oswald woes  preventions bide lines marvel  mistress tewksbury trail bedew  bended yourself cause all  
Basant Renshaw,Renshaw@uregina.ca,+93 (528) 4680994,2018,,
Goo Eoyang,Eoyang@unl.edu,+38 (182) 90774126,2018,,
Guadalupe Bahr,Bahr@smu.edu,2018,,
Dayanand Cassaro,Cassaro@ntua.gr,+66 (267) 39067665,2018,,
Mohamadou Raha,Raha@cornell.edu,2018,,
Mehrdad Wakatani,Wakatani@gatech.edu,2018,,grosser leaving gathered  baby lubber  lancaster  tell wide wipe  suffolk  mock  devils dine indignation  
Jeeho Multani,Multani@sdsc.edu,2018,,
Sherine Worthington,Worthington@ab.ca,2018,,
Goo Dayang,Dayang@lehner.net,+11 (520) 90454828,2018,,pasture depth disport  preventions  
Zhongxiu Takano,Takano@whizbang.com,2018,,
Giopi Pietra,Pietra@dauphine.fr,+87 (645) 7408378,2018,,
Mehrdad Takano,Takano@baylor.edu,+30 (919) 26157176,2018,,
Wenhong Bhat,Bhat@uni-sb.de,+46 (29) 65048112,2018,,
Niranjan Bra,Bra@sbphrd.com,2018,,clown presence  tickle act cheer haste  
Jool Takano,Takano@memphis.edu,2018,,public again till octavia  answered proper indictment fulfill  heaven wrestling  unkennel deceiv  son moiety depend hovering  
Niteen Garigliano,Garigliano@rice.edu,2018,,beg interpose bull forfeit  falls truly  
Canming Lapis,Lapis@telcordia.com,2018,,distinction votarist cordelia fairy  angelo spoke heedfull  soul  shrift  public again till octavia  
Alden Lagarias,Lagarias@berkeley.edu,2018,,
Juana Blumenthal,Blumenthal@ou.edu,+84 (483) 59342782,2018,,knocking advise  boot prais avouched  
Liyi Joeris,Joeris@conclusivestrategies.com,2018,,
Sette Lusk,Lusk@edu.cn,+14 (459) 57820807,2018,,changes lords gaunt  cunning pleasing  fill when yourself  states  thetis preventions  
Weizhen Pols,Pols@unf.edu,+12 (660) 41965065,2018,,
Itsuo Picco,Picco@uiuc.edu,2018,,
Shelli Vouros,Vouros@concordia.ca,2018,,polixenes  person surmise  
Mehrdad Langford,Langford@rwth-aachen.de,+26 (249) 97706349,2018,,
Jack Vinze,Vinze@toronto.edu,+20 (646) 45474006,2018,,
Ondrej Maamir,Maamir@sun.com,+23 (370) 96221807,2018,,
Subhada Tsiknakis,Tsiknakis@forth.gr,+91 (711) 75138559,2018,,
Bernt Grapa,Grapa@compaq.com,2018,,
Lennart Beounes,Beounes@twsu.edu,2018,,
Anastasios Pesant,Pesant@intersys.com,+81 (771) 7321152,2018,,
Sigmund Bazgan,Bazgan@cti.gr,+76 (84) 66926603,2018,,
Constantine D'Agostino,D'Agostino@umich.edu,+61 (556) 53274863,2018,,
Chinying Scalabrin,Scalabrin@monmouth.edu,+82 (394) 56151785,2018,,tempts correction bound  front richer  
Dipen Zurfluh,Zurfluh@lante.com,2018,,
Fuhua Iisaka,Iisaka@unizh.ch,2018,,timon off  george mouths  distracted citizens weight giving  
Tzilla Dasarathy,Dasarathy@mitre.org,2018,,
Vigyan Pieper,Pieper@arizona.edu,+15 (680) 48590298,2018,,bated  notable chorus bodkin  conclude him blest ship  rain reporting brabantio oathable  allow  proculeius profession greater  
Serif Rostami,Rostami@informix.com,+70 (695) 76250154,2018,,
Divier Wijshoff,Wijshoff@solidtech.com,2018,,
Atsuyuki Benkahla,Benkahla@nwu.edu,+17 (619) 45825150,2018,,
Sham Reeken,Reeken@verity.com,+70 (473) 17076242,2018,,shield  descended  
Eduard Vakili,Vakili@uni-muenchen.de,+5 (552) 66220988,2018,,
Yijie Skatulla,Skatulla@uu.se,2018,,
Jody Dawson,Dawson@ucsb.edu,+80 (644) 25926408,2018,,
Ebbe Bakhtari,Bakhtari@uu.se,2018,,hero tardy  orchard report chooser lees  menas dug told fires  
Raimondas Sestoft,Sestoft@crossgain.com,+78 (328) 23392072,2018,,immediately glad  slept  
Subhankar Rehfuss,Rehfuss@emc.com,2018,,
Weiwu Demian,Demian@mit.edu,2018,,rumour invite cripple courses  oration  succession impatient corrections  
Gui Wergeland,Wergeland@gatech.edu,2018,,
Diederik Adolphson,Adolphson@monmouth.edu,+32 (389) 13358122,2018,,yields discourses quality lasts  menas dug told fires  
Jana Steinbrunn,Steinbrunn@pi.it,2018,,
Kutluhan Gruenwald,Gruenwald@uni-muenster.de,+39 (807) 83029871,2018,,
Williams Blumrich,Blumrich@uwindsor.ca,+96 (513) 11715093,2018,,
Tihomir Marchesini,Marchesini@stanford.edu,2018,,draw  image thursday  cinna continue  audience sinews  feeble declare nettles  exhibit belov  
Yuejun Kliger,Kliger@propel.com,2018,,decerns thumb bondage  presage aboard  bank drink ballads possess  rabble  
Emdad Foulk,Foulk@evergreen.edu,2018,,
Jaques Fontan,Fontan@forth.gr,+18 (496) 1478009,2018,,
Dmitri Rehak,Rehak@unical.it,2018,,
Meng Lamma,Lamma@hitachi.com,2018,,revengeful moves moment could  strait lucio composure raze  dislocate valiant get maiden  order  
Mehrdad Baransky,Baransky@compaq.com,2018,,
Hidde Ulfberg,Ulfberg@ubs.com,+34 (253) 21688462,2018,,fully admirable jewel  spoken  birds removes  embrac  
Fang Krohn,Krohn@compaq.com,+43 (167) 80616164,2018,,
Maristella Dittert,Dittert@cnr.it,2018,,
Wen Vollmeyer,Vollmeyer@uwo.ca,+7 (786) 66460485,2018,,lip little  elder  havoc rigg  journey school seize civil  imperial  
Zia Clancy,Clancy@sunysb.edu,2018,,fearing verona joy purposes  trumpets awkward moment eternal  falls truly  wenches form stol  commission play peevish  array  rabblement  horologe  
Serap Worthington,Worthington@conclusivestrategies.com,+88 (873) 60431868,2018,,
Thirumalai Landvogt,Landvogt@washington.edu,2018,,tiger slink had  burgundy amen ope instances  wreathed wrist  grace barnardine negligence encompass  rid exploit  looking paper pull dick  severals lack staring torches  uprighteously  slow seizes  wenches wit sold signior  shrewd  parthia  rain reporting brabantio oathable  each  preventions ladies  distress reliev hardly  sure circumstances madam  kills  
Fazel Buchholz,Buchholz@columbia.edu,2018,,thereof romans mere  baby lubber  quiet lik  
Shigeo Grunsky,Grunsky@uta.edu,+85 (684) 19785536,2018,,proculeius profession greater  divinity naught cor fort  fully admirable jewel  
Joaquin Pardalos,Pardalos@itc.it,2018,,
Waiman Eastaughffe,Eastaughffe@umich.edu,+54 (507) 51962014,2018,,urgeth notorious  lights revengeful  bended yourself cause all  looking paper pull dick  handle furies  boldly ourself cardinal clear  stocks equivocal  has edge king  golden tott nomination caelo  fear pow rare slavery  afflict struck steals  
Siddarth Sidje,Sidje@llnl.gov,2018,,
Edie Myllymaki,Myllymaki@att.com,+33 (581) 26353157,2018,,
Ziyad Lucic,Lucic@poly.edu,2018,,
Baruch Takano,Takano@newpaltz.edu,2018,,
CPT Bacciotti,Bacciotti@ogi.edu,+75 (143) 83954420,2018,,
Niklaus Templeman,Templeman@ibm.com,+32 (837) 48711556,2018,,
Ethan Standish,Standish@cabofalso.com,2018,,soul engender  meantime  swoons throne hush  mortified  preventions conceiving moons knife  ere ride  
Swen Viney,Viney@unbc.ca,+23 (986) 63406105,2018,,
Cordelia Takano,Takano@uni-sb.de,+46 (913) 47591830,2018,,
Baiju Schwartzel,Schwartzel@rice.edu,+56 (42) 55973598,2018,,
Mehrdad Merey,Merey@baylor.edu,2018,,sort burns  sweetly  hence diseas rebuke  keels  corpse dram  knew who fail extremes  veil wine younger verse  
Reinhold Ardis,Ardis@auth.gr,2018,,
Andris Vogler,Vogler@cabofalso.com,2018,,
Saharon Belzer,Belzer@gmu.edu,2018,,
Weicheng Takano,Takano@ufl.edu,2018,,flight pronoun feast  pinnace virginity dighton wilt  
Xiaoheng Nabeshima,Nabeshima@columbia.edu,+12 (251) 28778590,2018,,
Heeju Pocchiola,Pocchiola@acm.org,2018,,
Shiva Prangrle,Prangrle@uni-muenster.de,+20 (238) 22547537,2018,,
Wenguang Lambe,Lambe@ab.ca,2018,,
Asanobu Mukaidono,Mukaidono@wpi.edu,2018,,draw  comest london  oswald  
Susanta Doudou,Doudou@columbia.edu,2018,,
Vaagan Anger,Anger@du.edu,+39 (894) 98262888,2018,,
Danco Nitsche,Nitsche@itc.it,+63 (785) 50904386,2018,,
Trijntje Willoner,Willoner@gmu.edu,2018,,speaks scale dishonour dreadful  enter aye bows  rarest  
Mitsuyuki Petry,Petry@umkc.edu,+41 (884) 85202776,2018,,
Britta Baez,Baez@sbphrd.com,2018,,
Ramachendra Rudman,Rudman@prc.com,+42 (187) 70190624,2018,,
Sanjoy Antognini,Antognini@uwaterloo.ca,2018,,
Umberto Giguere,Giguere@co.jp,2018,,peevish trumpets shut question  montano  harry  anything sixteen  honor pension  ycleped  order  whipt miracle comfort  
Huapeng Matteis,Matteis@umich.edu,2018,,longing assur charge  havoc rigg  believe revenge hook brick  
Hanna Abbadi,Abbadi@computer.org,+76 (643) 2401528,2018,,lowliness sad hence acts  lived deny singleness  remarkable again  assistance sides  
Dongseung Slaats,Slaats@monmouth.edu,2018,,fury tailor open carrying  tumbling vault surety loyal  
Ian Duclos,Duclos@ac.jp,+61 (504) 50948976,2018,,
Minesh Chalamaiah,Chalamaiah@dauphine.fr,+80 (314) 12229570,2018,,
Ayonca O'Halloran,O'Halloran@conclusivestrategies.com,2018,,
Sarita Diebold,Diebold@uic.edu,2018,,
Kathryn Kracsony,Kracsony@cas.cz,+73 (219) 44145543,2018,,menas dug told fires  across  
Tomoyoshi Veeraraghavan,Veeraraghavan@toronto.edu,2018,,camps tremblingly nob fear  gentleman  city behold  forswear widow heartily  pernicious pry puissance  pandarus measure nobody royally  firm hear  lead tower own red  
Pepijn Egerstedt,Egerstedt@co.jp,2018,,
Mirja Aoe,Aoe@airmail.net,+52 (578) 15947729,2018,,
Ozan Proskurowski,Proskurowski@baylor.edu,+83 (182) 35527438,2018,,
Sudhanshu Chachaty,Chachaty@verity.com,+20 (466) 96252715,2018,,
Shibu Bokhari,Bokhari@acm.org,2018,,oph william  ingrateful cannoneer mournful  
Takanari Rubsam,Rubsam@uni-sb.de,+88 (253) 25290728,2018,,
Vesna Magnier,Magnier@ibm.com,2018,,
Garnet Ciampi,Ciampi@labs.com,2018,,gender tom urg  stroke wings citizens worse  lena  sets  
Mehrdad Zellmann,Zellmann@filemaker.com,+54 (133) 47917240,2018,,
Kincade Lidstone,Lidstone@ac.uk,+40 (571) 84081280,2018,,
Karlis Wheen,Wheen@ucsb.edu,+75 (934) 91619246,2018,,
Satyan Herber,Herber@uni-marburg.de,+72 (262) 80546779,2018,,
Maik Ugol'nikov,Ugol'nikov@hp.com,2018,,charge breast  irish jul  
Mehrdad Frijda,Frijda@gmu.edu,+9 (590) 33642370,2018,,
Gao Flotzinger,Flotzinger@purdue.edu,+47 (49) 76892062,2018,,met herself  freely contrive kindred bohemia  use bertram luxury help  court dress beshrew loath  corporal  themselves braggart appoint  
Bastien Pelz,Pelz@yahoo.com,+7 (921) 71742497,2018,,
Mayuko Bodlaender,Bodlaender@whizbang.com,+85 (418) 19729259,2018,,
Mizuhito Couclelis,Couclelis@verity.com,+6 (76) 2021497,2018,,scholars stronger  tower laid thyself  
Sundar Takano,Takano@lehner.net,+66 (888) 91809112,2018,,
Handong Suomi,Suomi@ucr.edu,2018,,suit  ycleped  coil needs  brutus crosses sprigs misfortune  maiden coy countryman  blessed sixth  
Jeanna Plump,Plump@uiuc.edu,+70 (728) 85834049,2018,,
Vania d'Argence,d'Argence@co.in,+22 (730) 31546534,2018,,disposition  afire pleasant  parthia  
Fay Giarratana,Giarratana@ab.ca,2018,,
Ingar Codenie,Codenie@filelmaker.com,2018,,boil lord thy  undertake blessed remedy  
Susuma Catalkaya,Catalkaya@uwaterloo.ca,2018,,
Raif Heemskerk,Heemskerk@indiana.edu,+71 (751) 8840133,2018,,
Sadashiva Ulupinar,Ulupinar@rwth-aachen.de,+11 (717) 98660111,2018,,
Bodonirina Szulman,Szulman@twsu.edu,2018,,
Kellyn Simmen,Simmen@telcordia.com,+10 (316) 47755823,2018,,
Miche Philips,Philips@uu.se,2018,,
Carsten Sahulka,Sahulka@uni-muenchen.de,+89 (382) 10405450,2018,,
Samantha Chorvat,Chorvat@uni-mannheim.de,2018,,learning sociable  hard cleopatra offends  substitute comparisons desire philip  
Anamaria Mikulecky,Mikulecky@itc.it,2018,,
Aahok Romero,Romero@umass.edu,2018,,girl  sland daff  
Agma Thistlewaite,Thistlewaite@hp.com,+19 (936) 91052326,2018,,
Rowland Takano,Takano@fernuni-hagen.de,+66 (237) 66438642,2018,,
Galia Barreiro,Barreiro@lucent.com,+84 (390) 20783892,2018,,
Afke Dicky,Dicky@unl.edu,2018,,
Cheeha McCluskey,McCluskey@dec.com,+59 (627) 11972182,2018,,
Shaowen Cools,Cools@memphis.edu,+82 (151) 46229388,2018,,point serious hatred prologue  torchlight impression  bill rose  saw disguis  particular prisoner pardon foh  
Deryle Kawashima,Kawashima@edu.hk,2018,,
Nihar Peir,Peir@umass.edu,2018,,
Muneo Nitto,Nitto@uga.edu,2018,,
Suneel Eldridge,Eldridge@ufl.edu,+62 (749) 39230450,2018,,
Haider Braunmuller,Braunmuller@lehner.net,2018,,love falchion  maiden coy countryman  seizes signify  swore commendations read clout  banqueting chastity  manner  outlive fearful  ravisher  bow satisfy coward cedar  ours  cares  
Jitendra Routh,Routh@newpaltz.edu,2018,,bathe  lapwing eighteen  
Gur Nations,Nations@itc.it,+5 (644) 63965754,2018,,
Kunsoo Varley,Varley@uiuc.edu,2018,,
Caolyn Bensard,Bensard@panasonic.com,+36 (286) 56594457,2018,,
Mehrdad Laurillard,Laurillard@umich.edu,2018,,
Mehrdad Wechsung,Wechsung@imag.fr,+30 (179) 55060252,2018,,
Sungchae Groendijk,Groendijk@cohera.com,+4 (597) 96965302,2018,,
Claes Takano,Takano@uni-muenster.de,2018,,sour can  prosperity linen  preventions sirrah  
Denny Jansen,Jansen@stanford.edu,2018,,polixenes office spring  senseless prisoners  
Major Perna,Perna@hp.com,2018,,
Mehrdad Takano,Takano@njit.edu,2018,,
Archita Banreuther,Banreuther@telcordia.com,2018,,
Afzal Pericleous,Pericleous@monmouth.edu,2018,,
Rayond Demeyer,Demeyer@uqam.ca,+76 (40) 47857066,2018,,
Tokuzo Maraist,Maraist@llnl.gov,+39 (769) 44271938,2018,,
Anat Perna,Perna@ust.hk,+96 (547) 3856876,2018,,resort forsooth protect endured  prattle most messenger cornelius  orchard report chooser lees  service attention carved lamentable  has edge king  
Zhonghua Monarch,Monarch@uta.edu,2018,,
Jaideep Frisch,Frisch@ucf.edu,2018,,
Huei Matzel,Matzel@uni-mb.si,+64 (735) 15420680,2018,,
IEEE Keen,Keen@ucd.ie,2018,,shall generally  lights revengeful  cue drunk herring did  
Avishai Waschkowski,Waschkowski@twsu.edu,+1 (692) 97877835,2018,,
Toshihisa Nytro,Nytro@ibm.com,+37 (825) 13404616,2018,,
Domenico Cichon,Cichon@uni-marburg.de,+38 (804) 56990098,2018,,desires  duke  faction complices preventions  
Rony Zhiwei,Zhiwei@smu.edu,+39 (348) 97711503,2018,,
Falk Mohrherr,Mohrherr@sunysb.edu,2018,,
Ivandre Bramson,Bramson@ac.uk,+53 (229) 43251779,2018,,
Edwin Tawa,Tawa@auth.gr,2018,,
Karabi Cabarrus,Cabarrus@berkeley.edu,2018,,
Shaygan Einsfeld,Einsfeld@edu.au,2018,,
Dima Michalakopoulos,Michalakopoulos@gmu.edu,+99 (180) 498997,2018,,tott told jove fantastic  prerogatived  prepares preventions  choke bene  heap  volivorco gape ceremonious  taken octavius  
Yoshifumi Jeris,Jeris@baylor.edu,2018,,resort forsooth protect endured  mankind splitted  riot myself  
Jingke Manthey,Manthey@informix.com,+89 (14) 79554332,2018,,heaven wrestling  french troth drones ornaments  example those oblivion alisander  praise match curs clifford  ranker  
Rajshekhar Bedard,Bedard@uregina.ca,2018,,
Avishai Witt,Witt@ou.edu,2018,,
Hon Avritzer,Avritzer@edu.au,+83 (99) 56473175,2018,,suum  irish jul  nativity ravishment viewed  sledded absence apparent hunt  rogues faults grapes liquor  majesty  
Lynda Conde,Conde@smu.edu,+82 (402) 37715192,2018,,
Inderjit Greenspun,Greenspun@ucsb.edu,+79 (197) 12595379,2018,,clown presence  montano  torchlight impression  cool hastily  
Wieslaw Heffernan,Heffernan@crossgain.com,+23 (275) 69373586,2018,,
Sankaran Reistad,Reistad@tue.nl,+87 (428) 63788352,2018,,issue upon certain rogue  musing  
Jaques Buttazzo,Buttazzo@sunysb.edu,+72 (42) 28646296,2018,,
Mehrdad Tsumoto,Tsumoto@sun.com,+59 (863) 77532225,2018,,
Arndt Perko,Perko@temple.edu,+6 (684) 54869615,2018,,
Nicole Tashiro,Tashiro@dauphine.fr,+31 (759) 63782100,2018,,
Along Rosar,Rosar@verity.com,+35 (805) 19933533,2018,,
Mehrdad Hoest,Hoest@crossgain.com,+67 (937) 52042995,2018,,
InduShobha Takano,Takano@sdsc.edu,2018,,
Sumant Picci,Picci@cnr.it,+18 (952) 10518196,2018,,
Rowan Postmus,Postmus@auth.gr,+94 (555) 22189211,2018,,
Parke Frijda,Frijda@washington.edu,+25 (744) 2241078,2018,,itch excuse imprison awe  stoop instantly  counted door defending pleasant  requite nine heat  
Dulce Whittlesey,Whittlesey@gte.com,2018,,
Weiyi Luef,Luef@filelmaker.com,2018,,riches cream  clears stranger chin drum  mayor  
Amarnath Kushner,Kushner@lbl.gov,2018,,
Willemien Muchinsky,Muchinsky@prc.com,2018,,
Achour Pfefferer,Pfefferer@clarkson.edu,+35 (313) 92504681,2018,,
Byong Lovett,Lovett@ucr.edu,2018,,
Pierpaolo Bugrara,Bugrara@stanford.edu,2018,,
Vagelio Littlefield,Littlefield@auth.gr,+6 (723) 33366965,2018,,
Bodonirina Oxenboll,Oxenboll@clarkson.edu,+92 (69) 83521782,2018,,knife lour cuckold  coupled soil  
Martha Bale,Bale@memphis.edu,+23 (540) 33555444,2018,,
Gianluca Dietl,Dietl@stanford.edu,2018,,selves sack northern  offer prophet lieutenant scorn  swore commendations read clout  leaves account strew assure  gratify hate romans  seditious cancel  
Mehrdad Blumann,Blumann@indiana.edu,2018,,troyans  bestow tubs matters instruction  noon  element pandar  fury tailor open carrying  messala grave walter granted  
Shir Takano,Takano@lehner.net,+65 (236) 56876450,2018,,has edge king  soul engender  agrees tumbled look overthrown  
Sasan Begg,Begg@unical.it,+40 (640) 44307479,2018,,mother instant good delicate  whereof apace action cell  
Shaz Kapralski,Kapralski@gatech.edu,2018,,
Meenakshi Cannata,Cannata@whizbang.com,+62 (193) 50508772,2018,,
Linas Sureshchandran,Sureshchandran@njit.edu,+75 (97) 60048905,2018,,goes  agrees tumbled look overthrown  domine recourse  hence diseas rebuke  bow never beshrew  
Alipio Louri,Louri@unizh.ch,+92 (444) 19778875,2018,,benefactors unluckily contempts  judge  coupled soil  parallel traveller myself bereft  mock bondage politic shape  
Simo Lassagne,Lassagne@ab.ca,2018,,
Xiaotao McGuffin,McGuffin@clarkson.edu,+77 (951) 60360475,2018,,
Luai Foote,Foote@itc.it,+86 (247) 79328348,2018,,
Heejo Emmart,Emmart@unbc.ca,2018,,about course  high discourses  
Emran Gerth,Gerth@purdue.edu,+8 (671) 86985477,2018,,plough war room  ere ride  
Maura Ohhara,Ohhara@edu.sg,2018,,
Moheb Luders,Luders@neu.edu,2018,,tell wide wipe  love falchion  
Kshitij Kilgour,Kilgour@informix.com,2018,,
Srinidhi Sweldens,Sweldens@cornell.edu,+22 (14) 22568941,2018,,stinking wanders frenchmen  forever mistook privately estate  
Tzay Andreotta,Andreotta@uni-mannheim.de,2018,,
Raphy Federico,Federico@lbl.gov,+97 (69) 98393247,2018,,
Uday Dattasharma,Dattasharma@temple.edu,2018,,spokes loyal purpos allegiance  confession vauvado depth  voice fruitful  
Wonjun Kleinosky,Kleinosky@concentric.net,+13 (792) 17229559,2018,,hop lands  tall met forked  messala grave walter granted  decerns thumb bondage  balance whose  stroke  bleed consider  rom immaculate thrice  
Anwar Takano,Takano@uni-muenster.de,+5 (882) 55678864,2018,,
Yechiam Nojima,Nojima@infomix.com,2018,,
Sadegh Aumann,Aumann@temple.edu,2018,,
Eelco Lorcy,Lorcy@rutgers.edu,2018,,
Juichirou Schreiter,Schreiter@ucsb.edu,2018,,
Charu Nitsche,Nitsche@ucsb.edu,2018,,
Chiaki Himler,Himler@cmu.edu,2018,,
Ashutosh Delannoy,Delannoy@ucla.edu,+66 (647) 72743836,2018,,
Manual Hepplewhite,Hepplewhite@unl.edu,+89 (779) 67051420,2018,,
Kou D'Silva,D'Silva@rice.edu,2018,,
Chrisila Veldwijk,Veldwijk@uga.edu,+47 (397) 89903196,2018,,
Irena Romero,Romero@poly.edu,2018,,
Hla Takano,Takano@ou.edu,2018,,
Weicheng Genin,Genin@emc.com,2018,,
Melvin Gelosh,Gelosh@uu.se,+49 (718) 51116053,2018,,
Sauro Bernardeschi,Bernardeschi@njit.edu,+93 (140) 57913947,2018,,
Hansjorg Kermarrec,Kermarrec@cti.gr,2018,,
Subra Zaremba,Zaremba@filelmaker.com,2018,,
Ashoka Tanzariello,Tanzariello@sds.no,2018,,rapier gent lewd resolv  discreet  tott told jove fantastic  hearty ring violate  enjoy  issue upon certain rogue  
Gian Chandhok,Chandhok@umd.edu,2018,,
Zhang Maquelin,Maquelin@uni-sb.de,2018,,
Larry Cosar,Cosar@edu.hk,+46 (713) 74329418,2018,,
Shobana Jonsson,Jonsson@poznan.pl,2018,,
Chiuyuan Veronese,Veronese@uni-mb.si,+11 (699) 71664873,2018,,
Erran Newbery,Newbery@uni-trier.de,2018,,limbs chairs allow ghost  proculeius profession greater  sap dower index  
Masakiyo McConalogue,McConalogue@msstate.edu,2018,,
Kenroku Takano,Takano@indiana.edu,2018,,
Byron Carpi,Carpi@poznan.pl,2018,,pants  odds blest  
Zuo Cannell,Cannell@lri.fr,+5 (76) 8350914,2018,,beat  content ungentle kingdoms helpful  enjoy greeks  rid exploit  
Krister Prata,Prata@panasonic.com,+69 (373) 20492678,2018,,
Tobin Meurs,Meurs@stanford.edu,2018,,
Hidefumi Bahk,Bahk@mitre.org,2018,,
Boalin Gumb,Gumb@ul.pt,2018,,
Rani Picel,Picel@yahoo.com,2018,,fold midnight  lies subtly  
Marc Tomescu,Tomescu@cmu.edu,2018,,
Bradd Lienhardt,Lienhardt@lehner.net,2018,,
Yousri Blumberg,Blumberg@umkc.edu,2018,,
Lihong Colmerauer,Colmerauer@concentric.net,+13 (25) 32025421,2018,,
Lance DuBourdieux,DuBourdieux@imag.fr,+12 (270) 36476495,2018,,
Fox Takano,Takano@uni-muenster.de,2018,,
Xianlong Wolford,Wolford@hitachi.com,+75 (742) 38781965,2018,,speaks scale dishonour dreadful  mock bondage politic shape  meeting everlasting  
Mehrdad Peron,Peron@lehner.net,+85 (331) 10550580,2018,,
Makram Lanet,Lanet@llnl.gov,+21 (334) 47183185,2018,,
Huisheng Kerstetter,Kerstetter@clustra.com,+28 (309) 58043761,2018,,ravisher  longing assur charge  senate groom heap rudand  submission  soul engender  
Tarcisio Dumas,Dumas@rwth-aachen.de,+77 (744) 52816492,2018,,perseus  lucius nativity married boldness  
Selmin Metze,Metze@zambeel.com,+39 (790) 18958187,2018,,
Jeanne Hirzer,Hirzer@cabofalso.com,+89 (275) 34771814,2018,,
Theirry Pocchiola,Pocchiola@uic.edu,+47 (734) 74183418,2018,,
Barun Guvenir,Guvenir@ucsd.edu,2018,,
Beom Viragh,Viragh@edu.sg,+42 (942) 53106991,2018,,
Gundula Hebert,Hebert@llnl.gov,2018,,
Marten Deppe,Deppe@utexas.edu,+60 (279) 5016879,2018,,
Mehrdad Urpi,Urpi@edu.au,2018,,
Wafaa Manhart,Manhart@ibm.com,+19 (585) 44630763,2018,,
Sundaresan Silcott,Silcott@umb.edu,2018,,
Vaagan Lessing,Lessing@rwth-aachen.de,2018,,
Anantha Schwederski,Schwederski@airmail.net,2018,,harry  descended  
Troels Jervis,Jervis@ust.hk,+69 (996) 3865215,2018,,
Magdalena Kneisl,Kneisl@yahoo.com,+15 (236) 70908961,2018,,
Abdelwaheb Zockler,Zockler@umb.edu,+43 (538) 69257747,2018,,
Minghong Stoller,Stoller@compaq.com,+37 (966) 49273297,2018,,cunning pleasing  show  
Dongxing Reusch,Reusch@edu.hk,2018,,
Jeong Ariola,Ariola@smu.edu,+64 (957) 74339798,2018,,
Akeno Fontana,Fontana@upenn.edu,+79 (653) 94900632,2018,,
Ester Duclos,Duclos@filemaker.com,2018,,
Zissis Suhnel,Suhnel@nyu.edu,+91 (478) 88006519,2018,,
Vincent Thambidurai,Thambidurai@csufresno.edu,2018,,metres wronged stars  shalt pit  decerns thumb bondage  stage according  
Yoad Genin,Genin@bellatlantic.net,+21 (753) 74303816,2018,,
Mabo Takano,Takano@itc.it,2018,,
Girolamo Carla,Carla@sbphrd.com,2018,,lena  heaven wrestling  lucius nativity married boldness  
Manisha Nassef,Nassef@nodak.edu,2018,,abbey philosophical  rabblement  
Bert Fabrizio,Fabrizio@ac.uk,2018,,
Kristinn Valette,Valette@ntua.gr,2018,,swoons throne hush  cain nobleman virtuous  more distressed bruised  frowns foster ring  dull gift pot canst  whet roaring harlot  speaks lightness  beard  
Judee Kalyanakrishnan,Kalyanakrishnan@bell-labs.com,2018,,
Syunichiro Lafond,Lafond@ucf.edu,2018,,alarums  gloucester searching unkiss pitiful  offer had afternoon  cerements numbers  drinking  
Yandong Genin,Genin@berkeley.edu,+57 (477) 34672213,2018,,scarce  yields discourses quality lasts  transform bora  
Charmane Sidou,Sidou@monmouth.edu,+33 (130) 29418039,2018,,
Mukund Waleschkowski,Waleschkowski@brown.edu,2018,,
Tetsurou Stochik,Stochik@dec.com,+31 (177) 52333463,2018,,
Guntram Legay,Legay@tue.nl,+38 (470) 12106854,2018,,
Shigeichiro Gargeya,Gargeya@clustra.com,2018,,
Vidya Drashansky,Drashansky@savera.com,2018,,
Ina Priami,Priami@uni-muenchen.de,2018,,described private lords fenton  burthen  
Chuanyi Takano,Takano@rwth-aachen.de,2018,,youth roar coat break  handle furies  sink dainty jot  disposition  pandarus measure nobody royally  pandarus measure nobody royally  camillo  
Marie Spelt,Spelt@labs.com,+52 (45) 58037346,2018,,
Junro Takano,Takano@computer.org,+89 (98) 6275921,2018,,
Taekyoung Yamaashi,Yamaashi@twsu.edu,2018,,
Tmima Dorchak,Dorchak@newpaltz.edu,+70 (474) 92550022,2018,,sort burns  beard  
Hilde Ausserhofer,Ausserhofer@duke.edu,+54 (824) 97006375,2018,,mourning were  courtier  
Kazuhira Artola,Artola@mit.edu,+50 (85) 75528235,2018,,
Huapeng Crouzet,Crouzet@unl.edu,+99 (968) 81506234,2018,,
Martin Schaft,Schaft@propel.com,2018,,
Atanas Zongker,Zongker@ncr.com,2018,,crush lascivious dames  eleanor  fleet doings promised seldom  jack tying  high discourses  honey  strait lucio composure raze  potion blades penitent  montano  injur daughters  
Noha Myllymaki,Myllymaki@ucla.edu,2018,,
Lashon Wergeland,Wergeland@verity.com,2018,,alter hour  oration  alarums  neck ran thomas corses  ere mediterraneum  
Sivan Magalhaes,Magalhaes@cas.cz,2018,,
Mehrdad Schneeberger,Schneeberger@uqam.ca,2018,,
Murat Barinka,Barinka@rpi.edu,+29 (439) 90361564,2018,,mangled dogs tender verse  undertake blessed remedy  hate well hourly  grieved beshrew preventions  
Atilio Rassart,Rassart@auth.gr,+92 (964) 69625328,2018,,school  preparation define party repent  
Przemyslaw Matzov,Matzov@forth.gr,+64 (651) 62205717,2018,,
Ion Danlos,Danlos@concordia.ca,+1 (959) 92682277,2018,,
Yanxiang Vijaykrishnan,Vijaykrishnan@clustra.com,+61 (492) 9043237,2018,,
Orkut Spataro,Spataro@bellatlantic.net,2018,,
Kwun Bruza,Bruza@uni-marburg.de,2018,,
Yih Noye,Noye@lbl.gov,+58 (384) 12458502,2018,,
Chuang Calkins,Calkins@uwindsor.ca,+46 (47) 74676091,2018,,gave most  dane hir sour  
Stein Kaushal,Kaushal@ucf.edu,2018,,
Chase Magenheimer,Magenheimer@ac.jp,2018,,complaint patience remov  offers apparent diet determine  senate groom heap rudand  may rhymes servants said  lasting dover intend  sink wrath merry grief  visitation  lout together  policy  corpse dram  blind box despite horrible  streams inclination  metres wronged stars  public draw  
Mohua Plummer,Plummer@itc.it,2018,,
Cathy Heping,Heping@savera.com,2018,,moreover sometime this emilia  trust dance  cedius zodiacs wore verona  
Dhruba Ascher,Ascher@unbc.ca,2018,,curses thickest  thetis preventions  advertise lov begs  profit voyage loins  
Mariette Gesli,Gesli@gte.com,+32 (952) 60940318,2018,,
Athushi Waterhouse,Waterhouse@msstate.edu,+42 (959) 6559341,2018,,
Avinash Bergin,Bergin@ac.uk,2018,,
Tuval Goldsby,Goldsby@acm.org,+87 (453) 90758500,2018,,
Mariusz Vaisey,Vaisey@yahoo.com,+26 (656) 93901283,2018,,
Mehrdad Takano,Takano@unizh.ch,+4 (108) 46961516,2018,,met herself  pie  
Charalambos Mewes,Mewes@gmu.edu,2018,,feeders perceive  neck ran thomas corses  grosser leaving gathered  noon  governor seaport spread huge  wenches form stol  tried hand  somerset wonders  
Mehrdad Siems,Siems@sybase.com,+41 (957) 1378934,2018,,
Micki Petersohn,Petersohn@unizh.ch,+6 (377) 71373737,2018,,
Berhard Dickey,Dickey@solidtech.com,2018,,whet subdue  robert dying  oblivion  achilles invited  
Veikko Ruffin,Ruffin@mit.edu,2018,,
Sigal Perring,Perring@concentric.net,+61 (166) 12441997,2018,,
Antanas Imataki,Imataki@yorku.ca,+22 (661) 42790905,2018,,
Gurbir Nepomnjashchaja,Nepomnjashchaja@edu.hk,+88 (241) 85630843,2018,,
Baldeo Claffy,Claffy@hp.com,+58 (678) 57753080,2018,,praise match curs clifford  lights revengeful  careless tells thereof paris  frantic learn learned grapple  blessed sixth  
Viktoria Beylin,Beylin@labs.com,2018,,
Justin Handelman,Handelman@msn.com,2018,,tower laid thyself  pants  meantime  torchlight impression  
Choon Sweldens,Sweldens@solidtech.com,2018,,
Gianluca Gurbaxani,Gurbaxani@purdue.edu,+66 (371) 63000602,2018,,society wary  wenches form stol  bookish muster  
Susanna Hertzum,Hertzum@cas.cz,2018,,
Deborah Shallit,Shallit@sunysb.edu,+1 (825) 79164745,2018,,
Junichi Boissier,Boissier@pi.it,2018,,whipt miracle comfort  itch wounded  falls truly  
Amalendu Itzigehl,Itzigehl@smu.edu,2018,,lap  crush lascivious dames  rabblement  jumps lend did poll  tempts correction bound  labouring  
Reiner Pistor,Pistor@hp.com,2018,,rid  clo  
Mahmut Ambriola,Ambriola@concentric.net,2018,,
Bingning Averboch,Averboch@pitt.edu,2018,,
Piyush Lieblein,Lieblein@labs.com,2018,,well opinion  shield turns affects  rivers churlish changes  
Shunichiro Charlesworth,Charlesworth@concentric.net,2018,,
Renee Kauffmann,Kauffmann@ucdavis.edu,2018,,
Jayme Lazaro,Lazaro@uwindsor.ca,2018,,
IEEE Syre,Syre@nyu.edu,+70 (118) 5384010,2018,,playfellow double  counterfeit  shrewd  gav  foresee whelp graces traitor  repair flourish  invited forward  believe abbot sung aumerle  collatinus sworn jove  
Mehrdad Whitcroft,Whitcroft@fernuni-hagen.de,2018,,
Mao Takano,Takano@ucsd.edu,2018,,
Gladys Lotem,Lotem@unizh.ch,2018,,
Yuichiro Setia,Setia@ul.pt,+32 (815) 88422357,2018,,dagger obey search  front richer  contract legate away  enrich  lining  walks cressid vein  houses apollo observe  falls truly  abbey philosophical  
Eberhardt Fritzsche,Fritzsche@prc.com,+50 (399) 79065336,2018,,
Ren Faradzev,Faradzev@lri.fr,2018,,whet subdue  uprighteously  ours  image thursday  cunning pleasing  jack tying  fenton wants highway  
Mehrdad Kaae,Kaae@verity.com,2018,,disloyal loyalty grave  comparison singly dinner  height  
Mehrdad Bahsoun,Bahsoun@rutgers.edu,2018,,
Sailaja Zislis,Zislis@airmail.net,2018,,
Edsger Auyong,Auyong@brandeis.edu,2018,,
Ferdinand Tofts,Tofts@ibm.com,+7 (229) 31481405,2018,,
Mehrdad Khatib,Khatib@ucla.edu,2018,,mock  hie gent  conjures  lustre german enforce scope  unruly  princely mere poverty  defence  youngest plainer  
Basem Cakir,Cakir@earthlink.net,+89 (374) 33605687,2018,,
Masahito Kwiatkowski,Kwiatkowski@bellatlantic.net,+64 (334) 10517427,2018,,commune  coward sexton marrows  
Harley Rackoff,Rackoff@uwaterloo.ca,+7 (444) 64685741,2018,,parts curs  mouth unexpected  bestow tubs matters instruction  fearing verona joy purposes  bleed consider  senate groom heap rudand  less cheap alice  
Darko Pell,Pell@umich.edu,2018,,
Raymond Falla,Falla@imag.fr,+64 (285) 56885450,2018,,
Graziano Cedergren,Cedergren@hitachi.com,+86 (621) 16869536,2018,,forth  harry  havoc rigg  depart maids  surfeited cinna written  
Landy Jiafu,Jiafu@versata.com,2018,,
Isidro Pidd,Pidd@sbphrd.com,2018,,
Lesley Jeris,Jeris@ou.edu,+11 (953) 31114906,2018,,
Sadun Sundgren,Sundgren@llnl.gov,+52 (478) 31498081,2018,,
Dietmar Delannoy,Delannoy@uiuc.edu,+11 (902) 58617962,2018,,lets there commonwealth  absurd fairly charity strikes  rot compare burn  deni push past chin  
Gurushankar Shihab,Shihab@airmail.net,2018,,
Saeeiab Rath,Rath@edu.au,2018,,
Niranjan Guardalben,Guardalben@lri.fr,2018,,voice fruitful  wards bids day  unruly  bestow tubs matters instruction  angler vere traveller perjur  
Chihping Gajiwala,Gajiwala@uni-mannheim.de,2018,,
Dina Goodenday,Goodenday@auth.gr,2018,,kept barnardine lief affliction  depart maids  gentle glory enfranchis  settle christendom  grieved beshrew preventions  changes lords gaunt  mother instant good delicate  
Kouchi Lumsden,Lumsden@ernet.in,2018,,near magic  lie shepherd spur  
Tuyan Sejnowski,Sejnowski@fernuni-hagen.de,2018,,enrich  stockings method censures  troyans  land framed unique looking  broad fill stuck aweless  
Genta Plummer,Plummer@ust.hk,2018,,
Jeanna Flann,Flann@ubs.com,2018,,
Harriet Brodie,Brodie@sleepycat.com,+99 (717) 84996256,2018,,drab robb  excepted calf whores marigold  conveyance  fenton wants highway  royalties  poet reek achilles usest  
Aurora Rylands,Rylands@ac.at,2018,,
Huei DeGroot,DeGroot@uta.edu,2018,,birds removes  elements  pleasures ber quoth  rabble  played true prevail  
Luke Murro,Murro@ac.be,+81 (263) 47042279,2018,,unkennel deceiv  cook  service attention carved lamentable  harry  woeful have frown  
Joy Noga,Noga@co.in,+91 (239) 3621585,2018,,
Mirko Port,Port@baylor.edu,2018,,
Shekar Mitchem,Mitchem@ac.jp,+38 (205) 78614048,2018,,
Suphachai Jiang,Jiang@hp.com,+21 (898) 29765769,2018,,height  assistance sides  
Yoga Candan,Candan@auc.dk,+48 (279) 55004036,2018,,
Chikako Peroz,Peroz@ucla.edu,2018,,eleven  particular prisoner pardon foh  keels  brothers fish  underhand food forge lank  
Gererd Takano,Takano@co.in,+41 (658) 18398367,2018,,may rhymes servants said  love appointed pulpits antonio  
Yoga Chartres,Chartres@dec.com,+99 (578) 60566351,2018,,
Naomichi Schrock,Schrock@unbc.ca,+57 (677) 20068777,2018,,fare  bleed consider  bright sights idle calendar  preventions ladies  
Jiahua Ambroszkiewicz,Ambroszkiewicz@pi.it,2018,,
Weiru Binkley,Binkley@msstate.edu,+31 (774) 76891413,2018,,
Nobuyoshi Krasemann,Krasemann@cmu.edu,+34 (569) 42829605,2018,,
Houman Lodderstedt,Lodderstedt@sunysb.edu,2018,,
Abderrahmane Marchal,Marchal@lante.com,2018,,tell wide wipe  trick argument accord butchers  unclean wear  bill rose  distracted citizens weight giving  
Kshitij Couchot,Couchot@edu.sg,+25 (443) 80780302,2018,,earnest  cool allegiance  humour duties  channel presumption jove geffrey  immediately glad  
Hitofumi Pleszkun,Pleszkun@ucdavis.edu,+57 (990) 83844078,2018,,
Analia Cristoforetti,Cristoforetti@clarkson.edu,2018,,
Giap Eyres,Eyres@yahoo.com,2018,,
Terran Dorkenoo,Dorkenoo@ibm.com,+89 (830) 5535553,2018,,height  hate well hourly  nell  remains wenches  whale runs  spices  playfellow double  toys  irish jul  divine  ravisher  hair  who day  process tells  heap  lena  measure absence enter montagues  
Guther Gunji,Gunji@bell-labs.com,+70 (14) 64340303,2018,,
Nayla Otillio,Otillio@ask.com,2018,,
Hisayuki Farrar,Farrar@poly.edu,2018,,
Lata Takano,Takano@wpi.edu,+28 (851) 94152915,2018,,
Bodo Leverett,Leverett@unical.it,2018,,
Ulf Gessel,Gessel@uta.edu,2018,,
Kauko Cyre,Cyre@pi.it,+49 (141) 97193871,2018,,thetis preventions  knowledge  favour stomach seem ceremony  ours  mock  bak half means  knowledge  
Shaz Denos,Denos@uni-sb.de,2018,,
Terence Breuleux,Breuleux@ul.pt,2018,,lowliness sad hence acts  fold midnight  bareheaded  
Chuanti Takanami,Takanami@cti.gr,+12 (567) 42811456,2018,,bated petition royalty  prick conduct unlawful octavius  
Ludmila Cabarrus,Cabarrus@bellatlantic.net,2018,,
Aito Matrone,Matrone@uni-mannheim.de,2018,,rul crying draught gerard  freely contrive kindred bohemia  
Gisbert Vickson,Vickson@uni-muenchen.de,2018,,whale business whipping stuff  sledded absence apparent hunt  
Inderpal Kotulla,Kotulla@uu.se,+30 (367) 21255640,2018,,
Pintsang Bhashyam,Bhashyam@utexas.edu,2018,,
Mayuko Velthausz,Velthausz@ac.be,+30 (102) 12129300,2018,,
Visit Collatz,Collatz@du.edu,2018,,presage aboard  wedded  labouring  
Changsheng Shobatake,Shobatake@sds.no,+47 (913) 63406715,2018,,
Ulises Weihrauch,Weihrauch@auth.gr,2018,,
Mehrdad Rusterholz,Rusterholz@ufl.edu,+73 (454) 72485191,2018,,
Asser Fargeaud,Fargeaud@airmail.net,2018,,
Gennadi Baj,Baj@rutgers.edu,+70 (194) 90251286,2018,,
Erzsebet Byrne,Byrne@informix.com,2018,,sink wrath merry grief  himself depend imposition cries  havoc rigg  
Giampaolo Syed,Syed@co.jp,2018,,
Mohit Hatkanagalekar,Hatkanagalekar@uiuc.edu,+90 (892) 32766176,2018,,
Sedat Gimarc,Gimarc@ubs.com,2018,,
Burt Simao,Simao@co.jp,+29 (644) 24428430,2018,,
Albrecht Waleschkowski,Waleschkowski@cwru.edu,2018,,
Mehrdad Benoit,Benoit@unbc.ca,+55 (176) 32005191,2018,,
Spiridon Mansanne,Mansanne@fsu.edu,+13 (875) 92902557,2018,,across  pants  
Steephane Shewchuk,Shewchuk@microsoft.com,2018,,
Kejitan Kavvadias,Kavvadias@filelmaker.com,2018,,
Saewoong Zastre,Zastre@dec.com,+87 (661) 42369977,2018,,policy  powers mankind casket taste  scarce  whilst mine  longing assur charge  whale business whipping stuff  seizes signify  comest london  hedg  offer had afternoon  change extremes  
Mojgan Peng,Peng@twsu.edu,+21 (716) 36177053,2018,,girl  robert our  fenton wants highway  preventions bide lines marvel  hornpipes  
Soraya Zeleznik,Zeleznik@uu.se,2018,,
Youngkon Gurbaxani,Gurbaxani@inria.fr,+19 (598) 96763847,2018,,secrets hate discredit feel  harry  
Sungwon Sureshchandran,Sureshchandran@yahoo.com,+41 (749) 88314480,2018,,unkennel deceiv  meant certain hereafter stirring  themselves braggart appoint  
Jianchu Murthy,Murthy@telcordia.com,+67 (640) 89495424,2018,,
Jouni Sureshchandran,Sureshchandran@ac.uk,2018,,robert our  savage been  stayed pillow  grand  lasting dover intend  
Mehrdad Verspoor,Verspoor@ucf.edu,2018,,
Neff Sury,Sury@wpi.edu,2018,,
Shengdong Noakes,Noakes@sunysb.edu,+96 (297) 80908088,2018,,
Ulfar Staylopatis,Staylopatis@edu.sg,2018,,
Pantung Salvato,Salvato@llnl.gov,2018,,
Keizo Skafidas,Skafidas@bellatlantic.net,2018,,
Ramya Gaughan,Gaughan@pitt.edu,2018,,
Mooi Perko,Perko@uni-freiburg.de,+47 (657) 84536738,2018,,
Chitresh Bennet,Bennet@ualberta.ca,+12 (554) 13053878,2018,,
Manu Pflugrad,Pflugrad@lehner.net,2018,,
Keith Heilandt,Heilandt@auth.gr,2018,,
Xiaoshan Radivojevic,Radivojevic@imag.fr,+23 (47) 15465532,2018,,
Savita Menyhert,Menyhert@stanford.edu,2018,,
Tania Puppe,Puppe@sun.com,2018,,
Brindell Vlachantonis,Vlachantonis@uni-freiburg.de,+19 (938) 45335499,2018,,
Paraskevi Losco,Losco@prc.com,+32 (551) 93276864,2018,,earnest  sleeping mind grew mum  birds much  
Tarak Freundlich,Freundlich@okcu.edu,+34 (517) 29959241,2018,,soul engender  den  melts capulet hecuba  whilst mine  
Sampath Goubault,Goubault@brown.edu,+20 (438) 77866474,2018,,
Eliana Rusmann,Rusmann@upenn.edu,2018,,
Simonas Lecroq,Lecroq@ou.edu,2018,,
Shiva Romeuf,Romeuf@columbia.edu,2018,,
Mamdouh Marakhovsky,Marakhovsky@auc.dk,+2 (907) 2708180,2018,,
Nandit Takano,Takano@informix.com,2018,,
Rosine Papadias,Papadias@memphis.edu,+9 (662) 52904223,2018,,
Subodh Simoni,Simoni@cti.gr,2018,,
Vaggelis Graaff,Graaff@edu.sg,+64 (513) 59994035,2018,,
Uli Olveszky,Olveszky@itc.it,2018,,
Cullen Tyugu,Tyugu@temple.edu,+74 (776) 62956637,2018,,
Damodar Erva,Erva@oracle.com,+94 (63) 59430451,2018,,
Tzu Ernst,Ernst@csufresno.edu,+13 (718) 80172979,2018,,
Shigeu Rouquie,Rouquie@sfu.ca,2018,,
Mohit Beyers,Beyers@verity.com,2018,,
Hirokazu Sidhu,Sidhu@cabofalso.com,2018,,
Houman Clouatre,Clouatre@solidtech.com,2018,,
Mayuko Standish,Standish@edu.sg,2018,,
Irek Glodjo,Glodjo@lante.com,+16 (302) 23786490,2018,,
Avishai Casteran,Casteran@cwi.nl,2018,,
Yasubumi Takano,Takano@ucr.edu,+90 (658) 93584098,2018,,
Dietrich Uckan,Uckan@sbphrd.com,2018,,
Guozhong Takano,Takano@yahoo.com,2018,,
Jayesh Oxenboll,Oxenboll@uni-freiburg.de,+36 (254) 93239507,2018,,
Dominique Pero,Pero@rpi.edu,2018,,
Abdur Suomi,Suomi@brandeis.edu,+71 (11) 71443620,2018,,choke bene  freely contrive kindred bohemia  judge  here gramercies garrisons  joy bull next  frail theft reward others  
Petko Csaba,Csaba@forth.gr,2018,,camps tremblingly nob fear  parts curs  knowledge  the  private  
Masakiyo Menyhert,Menyhert@msn.com,2018,,
Lowell Ukkonen,Ukkonen@hp.com,2018,,
Adrijana Takano,Takano@du.edu,2018,,
Lalgudi Gori,Gori@cornell.edu,2018,,
Maris Karnin,Karnin@dauphine.fr,2018,,
Hermina Gajiwala,Gajiwala@informix.com,2018,,
Wuu Mandell,Mandell@crossgain.com,2018,,
Lanju Reade,Reade@gmu.edu,+5 (416) 82736118,2018,,
Shiwei Morschel,Morschel@cabofalso.com,+10 (826) 68520261,2018,,
Ramalingam Rauh,Rauh@utexas.edu,+88 (906) 94234143,2018,,
Manjote Koskiala,Koskiala@gatech.edu,+44 (280) 97916360,2018,,
Hilding Takano,Takano@cohera.com,2018,,
Mattias Deo,Deo@edu.sg,+72 (828) 25059065,2018,,
Paige Wallgren,Wallgren@okcu.edu,+46 (843) 26777986,2018,,
Maxwell Wijshoff,Wijshoff@ou.edu,2018,,
Gudmund Takano,Takano@ac.kr,+50 (195) 39141765,2018,,
Denis Muhlberg,Muhlberg@forth.gr,2018,,
Stasys Blumenrohr,Blumenrohr@prc.com,+17 (336) 26126965,2018,,frowns foster ring  guilt influences unhallowed friar  mov riotous  firm hear  straight bottle plantagenet  forbears attires defend also  crush lascivious dames  players  unkennel deceiv  airy verse  appetites  
Mehrdad Hirshfield,Hirshfield@poly.edu,+34 (458) 95343061,2018,,
Shahaf Kurfess,Kurfess@poly.edu,2018,,
Hayato Sundaresh,Sundaresh@berkeley.edu,+29 (50) 49190926,2018,,
Corey Scharf,Scharf@rutgers.edu,+72 (881) 4695063,2018,,
Suchitra Kopanas,Kopanas@ou.edu,+31 (255) 70831644,2018,,journey school seize civil  lets there commonwealth  woeful have frown  coward sexton marrows  make expedition utmost  kills  sure circumstances madam  
Vitit Emmerich,Emmerich@ucf.edu,2018,,
Siegmar Winstone,Winstone@rice.edu,2018,,
Marsha Alborghetti,Alborghetti@uni-sb.de,2018,,
Vidar Bottner,Bottner@indiana.edu,+94 (462) 34885119,2018,,
Youjian Luca,Luca@rwth-aachen.de,+73 (945) 81073569,2018,,bated petition royalty  rot compare burn  thankfulness promises  
Kristian Akazan,Akazan@toronto.edu,+20 (395) 8010768,2018,,
Jerrell Schattler,Schattler@pitt.edu,2018,,opposite obedient  need labouring gilded direful  unwrung worst deny  
Alty Rosti,Rosti@solidtech.com,2018,,
Conal Irland,Irland@edu.sg,2018,,
Yifei Ghelli,Ghelli@uregina.ca,+19 (45) 21926233,2018,,
Gretta Takano,Takano@solidtech.com,2018,,fare  rank capon stones  person surmise  alone  
Goro Flowers,Flowers@ntua.gr,2018,,golden tott nomination caelo  about course  bleed consider  beseech durst  whipt miracle comfort  coward sexton marrows  subtle bought presence  repent countrymen don print  oppos  
Mehrdad Mitina,Mitina@uni-marburg.de,2018,,
Garo Hammami,Hammami@usa.net,+13 (867) 88532335,2018,,ours  conjures  noon  disgrace content  foresee whelp graces traitor  
Jaihie Elkadi,Elkadi@edu.au,2018,,
Frits Wursthorn,Wursthorn@ncr.com,2018,,
Persi Reddi,Reddi@concordia.ca,2018,,coward sexton marrows  suitors cave  flames shed  posterior preventions too wishes  
Jea Wile,Wile@berkeley.edu,+19 (636) 48046203,2018,,
Sette Lagarias,Lagarias@uni-mb.si,+55 (341) 63459646,2018,,
Ruairi Lafouge,Lafouge@cti.gr,+36 (975) 39698084,2018,,humour duties  stand attempt saw haste  
Baher Kaiserswerth,Kaiserswerth@airmail.net,+43 (11) 57614960,2018,,
Gladys Vaquero,Vaquero@umkc.edu,+74 (933) 51694141,2018,,
Alyman Zivojnovic,Zivojnovic@clustra.com,2018,,intended senate  repair flourish  den  vilely spark habit unlawfully  curses thickest  
Angel Titkova,Titkova@rutgers.edu,+12 (869) 43734667,2018,,
Mehrdad Kupiec,Kupiec@gte.com,2018,,
Rain Vollmeyer,Vollmeyer@umich.edu,2018,,dagger obey search  gilded strangeness  
Shuuji Oestreicher,Oestreicher@brandeis.edu,+60 (868) 21381899,2018,,lack most  school  countenance befell  way undo parts  preparation define party repent  university wife asham  
Jinghong Nitto,Nitto@upenn.edu,+89 (632) 84077770,2018,,
Felic Tari,Tari@uni-marburg.de,+80 (752) 79490849,2018,,
Marjo Chleq,Chleq@uga.edu,2018,,
Hayao Serna,Serna@mitre.org,2018,,
Adel Pews,Pews@umd.edu,+14 (589) 609023,2018,,
Asaf Levergood,Levergood@poznan.pl,2018,,
Xumin Mecking,Mecking@uta.edu,2018,,
Aija Schulmeyer,Schulmeyer@sfu.ca,2018,,
Dario Ertl,Ertl@unl.edu,2018,,lancaster  hard cleopatra offends  rain reporting brabantio oathable  
Toong Streng,Streng@ucd.ie,2018,,
Hessam Busenberg,Busenberg@uni-marburg.de,+44 (777) 71742969,2018,,dane hir sour  intended senate  clo  less cheap alice  rarest  ransom continuer emilia grove  saw disguis  
Glenn Takano,Takano@edu.au,+72 (709) 37539226,2018,,
Dietrich Sadowsky,Sadowsky@uwindsor.ca,2018,,
Zubair Passino,Passino@wisc.edu,2018,,
Jacobijn Kushnir,Kushnir@uni-sb.de,+71 (454) 43056513,2018,,
Olivia Zallocco,Zallocco@llnl.gov,+76 (629) 15739321,2018,,fare  bated petition royalty  countenance befell  coil needs  
Murlikrishna Rothstein,Rothstein@hp.com,2018,,
Mehrdad Priebs,Priebs@duke.edu,2018,,
Steen Takano,Takano@ul.pt,2018,,voice horatio  knowledge  
Tayeb Takano,Takano@filelmaker.com,2018,,tumbling vault surety loyal  cursed censure discarded superstitious  once goddess confession  rich taciturnity duty joy  
Suraj Zlatev,Zlatev@earthlink.net,+84 (351) 65752166,2018,,
Yasuaki Wybranietz,Wybranietz@arizona.edu,+28 (77) 74010534,2018,,
Dwight McCaskey,McCaskey@uu.se,2018,,
Thang Harbusch,Harbusch@intersys.com,+87 (181) 67933501,2018,,
Sibyl Hoest,Hoest@newpaltz.edu,2018,,
Mehrdad Matteis,Matteis@washington.edu,2018,,descended  tumbling vault surety loyal  decerns thumb bondage  birds much  
Anestis Melski,Melski@co.in,2018,,
Hyuckchul Schicker,Schicker@pitt.edu,2018,,
Romesh Vrain,Vrain@auth.gr,2018,,shouldst  humour duties  
Basant Takano,Takano@lehner.net,+11 (83) 97281152,2018,,
Hian Sevcikova,Sevcikova@ucr.edu,+73 (585) 96172070,2018,,
Dima Snelgrove,Snelgrove@neu.edu,2018,,
Gyora Miliades,Miliades@uwindsor.ca,+97 (804) 9812743,2018,,
Aris Keir,Keir@smu.edu,2018,,
Alenka Glew,Glew@ac.uk,+49 (230) 68818634,2018,,
Wenchang Swick,Swick@unizh.ch,+36 (239) 85684752,2018,,particular prisoner pardon foh  made  point serious hatred prologue  
Val Crabtree,Crabtree@sybase.com,+70 (936) 17915622,2018,,
Xunwei Walston,Walston@hitachi.com,+28 (380) 46156144,2018,,
Vit Schlenzig,Schlenzig@yorku.ca,2018,,
Mahmoud Gustavson,Gustavson@ac.be,+97 (513) 3022199,2018,,
Petr Basu,Basu@poly.edu,+83 (853) 11377669,2018,,serves apparition  frowns foster ring  strutted ours credulous  
Neelam Stepanek,Stepanek@yahoo.com,+35 (955) 58908765,2018,,
Jiakeng Glew,Glew@ogi.edu,2018,,
Mitsunori Sporl,Sporl@gatech.edu,+37 (873) 31291217,2018,,
Lone Dilger,Dilger@airmail.net,+60 (299) 4627891,2018,,
Dietmar Benaissa,Benaissa@imag.fr,2018,,
Rosanna Speckmann,Speckmann@nwu.edu,2018,,
Noordin Hadjidimos,Hadjidimos@unical.it,+77 (435) 65447584,2018,,fully admirable jewel  preventions moe fifteen stands  ladder murther  
Foong Unni,Unni@umich.edu,2018,,hence empty unkindness remove  lena  him adriano  toys  wine thicket whore mortal  countrymen thump  
Xinan Tempesti,Tempesti@acm.org,2018,,burning ado arms  enter aye bows  
Sitaram Farrag,Farrag@ul.pt,2018,,view  perjury curse stranger seduc  feast yielding hairs  
Remco Merkl,Merkl@uni-muenchen.de,+86 (519) 6262030,2018,,preventions warrant schedule  sinon  
Sasan Pehl,Pehl@uic.edu,2018,,
Misako Jarecki,Jarecki@uic.edu,2018,,
Yuewei Staelin,Staelin@okcu.edu,2018,,
Adegbemiga Bertelsen,Bertelsen@ualberta.ca,+10 (588) 68397596,2018,,
Parker Ledeniov,Ledeniov@arizona.edu,+13 (347) 41323199,2018,,
Debanjan Bazelow,Bazelow@compaq.com,2018,,
PerOlof Vilot,Vilot@csufresno.edu,2018,,
Shannon Rosen,Rosen@wpi.edu,2018,,image thursday  objections pindarus  numb rusted hinges circumstance  
Sylvia Ugol'nikov,Ugol'nikov@okcu.edu,2018,,
Hidefumi Araya,Araya@gatech.edu,2018,,
Kazunori Byoun,Byoun@usa.net,+99 (269) 15528115,2018,,
Supot Srinivasaragavan,Srinivasaragavan@utexas.edu,2018,,chafed housewives carriages servant  longing assur charge  wenches form stol  cool hastily  
Rupak Terlouw,Terlouw@rpi.edu,+58 (896) 37923840,2018,,commission play peevish  stony starve washes durst  surfeited cinna written  melts capulet hecuba  stage according  cook  burgundy amen ope instances  countrymen thump  
Mahmoud Bridges,Bridges@unizh.ch,2018,,
Mehrdad Kruiskamp,Kruiskamp@fernuni-hagen.de,+74 (782) 1571200,2018,,
Mehrdad McMorrow,McMorrow@sfu.ca,2018,,slip profound activity treachery  mouth unexpected  
Palash Piccinini,Piccinini@usa.net,2018,,
Fun Ducloy,Ducloy@concordia.ca,2018,,
Zhe Bresenham,Bresenham@propel.com,+89 (355) 44972327,2018,,
Izaskun Ullrich,Ullrich@bellatlantic.net,+86 (783) 84767128,2018,,
Fotis Ehrhart,Ehrhart@ac.be,2018,,
Mathieu Serna,Serna@washington.edu,+59 (756) 3934524,2018,,preventions ratified  straight bottle plantagenet  
Gretta Marechal,Marechal@memphis.edu,+20 (768) 90352871,2018,,lip little  clo  
Levan Pepe,Pepe@lbl.gov,2018,,riches cream  act rattle  public again till octavia  
Tuyen Manabe,Manabe@umich.edu,+64 (766) 72506666,2018,,
Willard Feinberg,Feinberg@ac.kr,2018,,
Louis Loganantharaj,Loganantharaj@hitachi.com,+71 (682) 76520161,2018,,
Veronique Luebbert,Luebbert@ul.pt,2018,,
Yunfei Ioroi,Ioroi@poly.edu,2018,,made  prerogatived  wounding swear  
Elise Spinning,Spinning@uni-muenchen.de,+15 (474) 27987047,2018,,virgins  piety  
Falk Egerstedt,Egerstedt@lante.com,+45 (137) 67948577,2018,,maid turns  wine levies  flight pronoun feast  hero birds  school  wine thicket whore mortal  scarf trim wouldst care  stage  
Fetima Knightly,Knightly@whizbang.com,+80 (497) 97332999,2018,,
Manoochehr Stanfill,Stanfill@msn.com,2018,,
Pranas Marletta,Marletta@nodak.edu,+25 (432) 32410246,2018,,
Noam Dybjer,Dybjer@uwo.ca,2018,,chair capitol  straight bottle plantagenet  ingrateful cannoneer mournful  mother instant good delicate  
Etsuo Seliger,Seliger@memphis.edu,+37 (740) 98027970,2018,,curses thickest  bow satisfy coward cedar  spoken  brought tell palter bells  prick conduct unlawful octavius  doctors muzzle natures  
Upen Kavraki,Kavraki@temple.edu,+68 (368) 34372892,2018,,
Adhemar Plattner,Plattner@ucd.ie,2018,,goodness  guilt influences unhallowed friar  sore palter sanctuary ended  prisoner unpregnant upon  preventions moe fifteen stands  midst giving  dare  lancaster  
Shen Miene,Miene@uwaterloo.ca,+61 (731) 21907172,2018,,
Ubbo Velardi,Velardi@utexas.edu,2018,,comest london  oft need thank  cure air  sledded absence apparent hunt  these  seizes signify  provost skilful tales whom  the  arm solemn weak finds  particular prisoner pardon foh  disloyal loyalty grave  forswear widow heartily  
Yali Spirk,Spirk@arizona.edu,2018,,handle furies  ripe abed  perforce ones alliance cost  
Lizya Legay,Legay@zambeel.com,2018,,
Felicity Yahalom,Yahalom@ernet.in,2018,,
Mehrdad Spinning,Spinning@bellatlantic.net,+82 (244) 48578137,2018,,
Hiroshige Larfeldt,Larfeldt@wisc.edu,+5 (193) 18945841,2018,,lies subtly  yielded richest hell virtuous  
Dragan Hamburg,Hamburg@ucd.ie,+19 (603) 23704632,2018,,
Antonia Juneja,Juneja@yahoo.com,2018,,
Raoul Skwarecki,Skwarecki@tue.nl,+14 (519) 14826064,2018,,jack tying  burns valiant glass  pleasures ber quoth  lights revengeful  fifty saint  painted  visitation  offer prophet lieutenant scorn  ingrateful cannoneer mournful  afford corruption enjoy him  rumour invite cripple courses  
Felicidad Akiyama,Akiyama@utexas.edu,2018,,curses thickest  steps attend executed dressed  lapwing eighteen  order  
Taiji D'Auria,D'Auria@cabofalso.com,+2 (831) 69583171,2018,,ere ride  lie shepherd spur  submission  view  
Barbora Olshen,Olshen@brown.edu,2018,,
Hajnal Takkinen,Takkinen@ucd.ie,2018,,
Narcis Homond,Homond@uni-freiburg.de,+55 (332) 91685691,2018,,
Ralf Wenger,Wenger@msstate.edu,2018,,mourning were  doctors muzzle natures  antony  jack tying  ransom continuer emilia grove  pants  enrich  declension edm  service attention carved lamentable  moral pandarus  
Kattamuri Yemenis,Yemenis@cornell.edu,2018,,
Kyunghee Ozeki,Ozeki@sunysb.edu,2018,,
Pantung Braban,Braban@broadquest.com,+96 (608) 59194638,2018,,
Moon Snyers,Snyers@poznan.pl,+85 (578) 26945633,2018,,
Gholamali Dabdub,Dabdub@tue.nl,+55 (129) 93457904,2018,,
Shlomi Bruckman,Bruckman@ucla.edu,2018,,
Lukas Zemerly,Zemerly@umb.edu,2018,,
Mehrdad Loiselle,Loiselle@unl.edu,+28 (425) 30285755,2018,,
Marion Christopher,Christopher@hitachi.com,2018,,
Joep Holbrook,Holbrook@umkc.edu,+87 (389) 27416985,2018,,
Mehrdad Bouaricha,Bouaricha@uwindsor.ca,+60 (457) 37492103,2018,,birds removes  swell  robert dying  
Isi Stefani,Stefani@yorku.ca,2018,,
Subhash Erez,Erez@airmail.net,2018,,
Dierk Peir,Peir@uwaterloo.ca,+87 (519) 32647294,2018,,lack most  severals lack staring torches  kin fence cough shepherdess  pie  somerset wonders  example those oblivion alisander  profit voyage loins  countenance befell  sick marriage peculiar  powers mankind casket taste  
Mickey Siksek,Siksek@concordia.ca,+72 (721) 31207230,2018,,
Ludger Scheepers,Scheepers@uwindsor.ca,2018,,
Hideharu Michaeli,Michaeli@rpi.edu,+90 (485) 22352315,2018,,blot  tickle act cheer haste  sentence raz tax scar  contracted university transform  posterior preventions too wishes  
Gautum Zaiane,Zaiane@cornell.edu,2018,,
Sariel Mutoh,Mutoh@ul.pt,+18 (528) 74356259,2018,,
Sungkil Hohler,Hohler@edu.sg,+27 (104) 71595413,2018,,
Gabor Rychlik,Rychlik@usa.net,+92 (325) 26930345,2018,,
Tiejun Wilfing,Wilfing@crossgain.com,2018,,sixth  change extremes  entirely lily remorseless  banqueting chastity  person surmise  
Aruna Eiter,Eiter@lri.fr,2018,,wretches exclamation temporal extreme  mary tender  
Prodip Dahlbom,Dahlbom@sunysb.edu,2018,,
Niklas Forcade,Forcade@uiuc.edu,+89 (984) 19719517,2018,,
Randeep Mueller,Mueller@nodak.edu,+56 (651) 37340116,2018,,
Fumihide Lackinger,Lackinger@twsu.edu,+9 (339) 80195509,2018,,
Gesine Reeker,Reeker@solidtech.com,2018,,
Halsur Nova,Nova@sybase.com,2018,,
Dabid Takano,Takano@umb.edu,2018,,
Mehrdad Gist,Gist@verity.com,+27 (194) 60932598,2018,,cedius zodiacs wore verona  sweetly  months seems  scarf trim wouldst care  enter aye bows  naught  alarums  gentleman  saw disguis  serves apparition  think bells message  casting homely  philosophy cherish glad  preparation define party repent  the  love get litter  seizes signify  
Hironobu Nittel,Nittel@ibm.com,2018,,
Zijian Azadmanesh,Azadmanesh@uni-trier.de,2018,,
Sangam Togni,Togni@rwth-aachen.de,+72 (481) 52896718,2018,,
Amabile Restivo,Restivo@rpi.edu,+16 (842) 38421493,2018,,
Gurbir Brandsma,Brandsma@rutgers.edu,+33 (567) 2902745,2018,,
Agostino Zhakarov,Zhakarov@lante.com,+4 (929) 35957966,2018,,
Shunichi Rajaraman,Rajaraman@ufl.edu,2018,,
Nada Cleary,Cleary@temple.edu,2018,,
Noburu Govert,Govert@cmu.edu,2018,,
Munenori Raither,Raither@rutgers.edu,+65 (310) 44486340,2018,,underhand food forge lank  meteors weapons  walks crutches  love appointed pulpits antonio  
Toshiko Rowan,Rowan@umd.edu,+96 (936) 40598335,2018,,
Wensheng Cat,Cat@umich.edu,+88 (244) 37534668,2018,,
Dung Rehg,Rehg@acm.org,2018,,
Charly Saraswat,Saraswat@auc.dk,+17 (141) 13981614,2018,,
Vijayalakshmi Reggia,Reggia@edu.au,2018,,
Raghubir Murer,Murer@uwo.ca,+54 (561) 55670375,2018,,
Mabo Bitar,Bitar@monmouth.edu,2018,,
Chinhyun Walrand,Walrand@umb.edu,2018,,ship hunted  grace writ wise wounded  angler vere traveller perjur  stage  dare  wear meaning  afflict struck steals  furthest thunder bene bemonster  domine recourse  embrac  mayst  meaning conscience  crush lascivious dames  noon  sleeping mind grew mum  particular prisoner pardon foh  box  climb begin temple scratch  objections pindarus  robert dying  dislocate valiant get maiden  potion blades penitent  act rattle  
Masanobu Shimono,Shimono@fsu.edu,+98 (50) 15986016,2018,,
Bodo Dahlbom,Dahlbom@rice.edu,+11 (113) 75462071,2018,,
Roch Gargeya,Gargeya@cas.cz,2018,,
Denny Gershkovich,Gershkovich@uwaterloo.ca,+82 (791) 27375762,2018,,distress reliev hardly  sequest  
Tru Mohrherr,Mohrherr@neu.edu,2018,,
Maurelio Vicolov,Vicolov@uni-muenchen.de,2018,,
Guoxiang Winter,Winter@umich.edu,2018,,bated petition royalty  synod planet hangings pow  obey claim accoutrement napkins  
Mehrdad Stemann,Stemann@uwindsor.ca,2018,,agrees tumbled look overthrown  draw  precise rosaline very  forswear widow heartily  assembly corn  cur lies rare cinna  encount hector  ravisher  perjury possess regiment  armed oath  colliers then sport combatants  
Lina Benjauthrit,Benjauthrit@cas.cz,2018,,
Maja Hesselink,Hesselink@llnl.gov,2018,,italy lies familiar  watches  school  supper fall supposed  high discourses  lucius nativity married boldness  reels turkish personal  noon  sentence  
Lila Ziegert,Ziegert@bell-labs.com,+96 (610) 33920664,2018,,
Cordelia Yaoi,Yaoi@yorku.ca,2018,,tower laid thyself  defence  spectators obey began  
Tatsumi Zielinski,Zielinski@uiuc.edu,2018,,
Charalambos Fuchi,Fuchi@poznan.pl,+4 (460) 67361582,2018,,
Zhihui Flagella,Flagella@dauphine.fr,2018,,enjoy  labouring  stage  
Aloys Niblett,Niblett@lbl.gov,2018,,painful counterfeit whom  preventions warrant schedule  
Mandell Prado,Prado@airmail.net,+14 (165) 97195915,2018,,
Levis Baar,Baar@ucf.edu,+82 (307) 90324348,2018,,
Siamak Pappas,Pappas@mitre.org,+58 (127) 41220112,2018,,
Stamatina Tsukuda,Tsukuda@versata.com,2018,,
Aiichiro Lismont,Lismont@panasonic.com,2018,,trumpets catching  subtle bought presence  
Ushio Fernald,Fernald@llnl.gov,2018,,
Kristin Dams,Dams@uni-muenchen.de,+50 (648) 43546649,2018,,
Thulasiraman Favero,Favero@uic.edu,2018,,
Varghese Asrin,Asrin@evergreen.edu,2018,,
Grady Mutschke,Mutschke@ab.ca,+65 (740) 88336455,2018,,
Mohua Zamfirescu,Zamfirescu@sun.com,2018,,
Godehard Takano,Takano@tue.nl,2018,,
Norbert Gloess,Gloess@umkc.edu,2018,,
Xuemin Kavasseri,Kavasseri@uwindsor.ca,2018,,
Mrinalini Blomberg,Blomberg@wisc.edu,+25 (191) 91899993,2018,,
Patricia Billington,Billington@cwru.edu,+45 (727) 66991991,2018,,
Diamantino Deverell,Deverell@cnr.it,+3 (779) 20800304,2018,,
Stefano Adachi,Adachi@ucdavis.edu,2018,,feeble declare nettles  trumpets catching  cedius zodiacs wore verona  goal applauses extremity  balance whose  willing although  
Tesuro Kruskal,Kruskal@inria.fr,2018,,dane hir sour  sink dainty jot  
Avinoam Tschernko,Tschernko@itc.it,+15 (527) 27856804,2018,,
Suzette Terwilliger,Terwilliger@unl.edu,2018,,
Tein Radhakrishnan,Radhakrishnan@gte.com,2018,,
Eberhardt Kabayashi,Kabayashi@unizh.ch,2018,,
Nourredine Marletta,Marletta@solidtech.com,+37 (816) 33950193,2018,,
Yoshinari Richter,Richter@cohera.com,+60 (146) 69731256,2018,,
Enver Tzruya,Tzruya@msn.com,2018,,
Roderick Heywood,Heywood@hitachi.com,2018,,
Debby Trumbly,Trumbly@ul.pt,+10 (124) 83288458,2018,,lie shepherd spur  drinking  diamonds vines sundry slip  preventions moe fifteen stands  wither phrygia  cares  bated  school  wedded  settle christendom  casting homely  provoking israel hiss understand  who day  
Fen Hiroyama,Hiroyama@auth.gr,2018,,hundred  feeble declare nettles  strait lucio composure raze  drinking  
Kazimir Bashian,Bashian@itc.it,+71 (647) 67979333,2018,,
Iko Rouch,Rouch@umass.edu,2018,,settle christendom  audience sinews  useless vill admired  lack preparation saw  ere ride  
Vishu Gutta,Gutta@propel.com,2018,,
Sandiway Schwabacher,Schwabacher@rwth-aachen.de,2018,,
Ravishankar Haldar,Haldar@evergreen.edu,+30 (415) 5358087,2018,,
Naftaly Nitsch,Nitsch@gatech.edu,+88 (349) 23937786,2018,,caesar feeble stabs  settle christendom  touch judas cornelius  cur lies rare cinna  boot prais avouched  paint alexandria door destruction  breasts stronger cicero  angler vere traveller perjur  choler chipp buckle  
Hitomi Wooldridge,Wooldridge@zambeel.com,+96 (651) 22586071,2018,,
Shahab Rohrbach,Rohrbach@auth.gr,+30 (359) 22613812,2018,,hence empty unkindness remove  preventions very  gloucester searching unkiss pitiful  
Hiroji Fratarcangeli,Fratarcangeli@fernuni-hagen.de,2018,,
Keven Takano,Takano@unical.it,+35 (890) 40252039,2018,,
Kensei Takano,Takano@ac.jp,+37 (471) 34624335,2018,,
Zineb Heering,Heering@umb.edu,2018,,
Jarl Beliaeva,Beliaeva@rwth-aachen.de,+54 (140) 81864084,2018,,
Mehrdad Lamparter,Lamparter@cohera.com,+18 (919) 11669391,2018,,
Radomir Bhagavan,Bhagavan@ac.at,+42 (383) 84831421,2018,,
Babette Erev,Erev@cmu.edu,2018,,
Gesualdo Aknine,Aknine@lbl.gov,2018,,
Felicita Whitley,Whitley@compaq.com,2018,,looking paper pull dick  fury tailor open carrying  afternoon dust commend  falls truly  whet subdue  fever length refusing  
Pirjo Hembry,Hembry@poznan.pl,+81 (733) 74183115,2018,,
Kendra Molenaar,Molenaar@imag.fr,+73 (460) 35770238,2018,,
Troy Plotkin,Plotkin@unf.edu,+56 (771) 50454742,2018,,
Inderjeet Gunji,Gunji@umd.edu,+17 (205) 22279987,2018,,chid gallows pembroke goodness  exile natures pistol creating  
Ibibia Dharanipragada,Dharanipragada@concordia.ca,2018,,
Heidi Jonckers,Jonckers@fsu.edu,2018,,
Catalina Kamber,Kamber@lri.fr,+35 (794) 54887404,2018,,shrewd  assume  
Mehrdad Coscoy,Coscoy@uga.edu,2018,,
Mehrdad Tweedie,Tweedie@purdue.edu,2018,,gentleman  serves apparition  
Iabelle Hamblen,Hamblen@sdsc.edu,2018,,
Sungwon Ivanets,Ivanets@itc.it,+6 (158) 25695651,2018,,fearing verona joy purposes  made  
Loius Ghalwash,Ghalwash@intersys.com,2018,,
Doohun Forman,Forman@earthlink.net,+81 (460) 82208880,2018,,aumerle bastard pendent surrey  dare  
Nia Emmert,Emmert@sleepycat.com,2018,,
Douadi Cusworth,Cusworth@duke.edu,2018,,
Goh Tonnesen,Tonnesen@airmail.net,2018,,
Yoshiki McFarlin,McFarlin@concentric.net,+57 (435) 26276077,2018,,stand attempt saw haste  heath  senate groom heap rudand  resort forsooth protect endured  school  declension edm  
Maryam Windisch,Windisch@forwiss.de,2018,,won  fleet doings promised seldom  owes reputation gods infant  exhibit belov  
Yishay d'Astous,d'Astous@du.edu,2018,,
Kaylan Takano,Takano@ernet.in,+16 (414) 32903861,2018,,
Barun Heuser,Heuser@uni-mb.si,+25 (26) 80329687,2018,,pleasure swords  alter hour  tall met forked  wine thicket whore mortal  
Shan Moltedo,Moltedo@llnl.gov,2018,,
Thimothy Aingworth,Aingworth@infomix.com,2018,,
Eskil Krikis,Krikis@infomix.com,2018,,encount hector  perforce ones alliance cost  unkennel deceiv  submission  
Luciano Semmens,Semmens@airmail.net,+14 (612) 49802344,2018,,beg interpose bull forfeit  bow never beshrew  yet  lies subtly  hornpipes  severals lack staring torches  farthest mince  act rattle  opposite obedient  
Atam Wohlleber,Wohlleber@indiana.edu,2018,,
Daishi Prati,Prati@umb.edu,+19 (797) 81849205,2018,,
Shujian Minoura,Minoura@broadquest.com,+95 (831) 17357955,2018,,
Yuchen Blackall,Blackall@brown.edu,2018,,revengeful moves moment could  hie gent  perseus  devils dine indignation  contracted university transform  hate well hourly  
Pere Kalamatianos,Kalamatianos@ac.be,2018,,
Thong Boggs,Boggs@uiuc.edu,2018,,
Abdelaziz Tuthill,Tuthill@poznan.pl,2018,,
Georgy Friedetzky,Friedetzky@earthlink.net,2018,,
Xianlong Stanion,Stanion@uni-muenster.de,+33 (708) 74075169,2018,,
Euji Rodham,Rodham@smu.edu,2018,,morning sore  burning ado arms  
Olivera Eyres,Eyres@co.jp,+63 (551) 74847603,2018,,son moiety depend hovering  believe revenge hook brick  fleet doings promised seldom  
Hitofumi Lismont,Lismont@prc.com,2018,,
Major Edmark,Edmark@llnl.gov,2018,,
Supratik Vicolov,Vicolov@uwaterloo.ca,+63 (963) 50545723,2018,,
KayLiang Senzako,Senzako@llnl.gov,2018,,university told morning  willing although  
Rabab Yanker,Yanker@hp.com,+71 (865) 13717835,2018,,
Salwa Thebaut,Thebaut@cwi.nl,2018,,forced murder  frowns foster ring  
Bernie Hoogerwoord,Hoogerwoord@washington.edu,2018,,
Jianjun Fortenbacher,Fortenbacher@ou.edu,+7 (520) 39228528,2018,,
Persi Paradinas,Paradinas@csufresno.edu,+35 (92) 97468457,2018,,
Tomoharu Falck,Falck@ab.ca,+55 (120) 2584232,2018,,
Kang Gora,Gora@ufl.edu,2018,,unpin unnatural  achilles invited  oft need thank  easily fang disposing  
Ung Poulsen,Poulsen@ucla.edu,2018,,amongst defy  chid gallows pembroke goodness  goodness popilius miserable  perseus  
Alicja Nord,Nord@auth.gr,+53 (669) 27102129,2018,,
Ioanis Heuter,Heuter@hitachi.com,+51 (173) 76448836,2018,,longaville  who day  french troth drones ornaments  
Shobana Perl,Perl@ab.ca,+23 (428) 78403942,2018,,
Aiqun Pearson,Pearson@airmail.net,+68 (235) 70622011,2018,,
Difu Masada,Masada@microsoft.com,2018,,broad fill stuck aweless  verse gentle  
Jinsei Brook,Brook@utexas.edu,2018,,ladder murther  deserver clitus poles  camillo  swoons throne hush  cavaleiro charm soldiers  
Lorien Staelin,Staelin@nodak.edu,2018,,
Delbert Gertz,Gertz@compaq.com,+41 (278) 70620171,2018,,
Herschel Birtle,Birtle@duke.edu,+95 (455) 79161328,2018,,
Bienvenido Uemura,Uemura@uni-mannheim.de,2018,,virgins  wretches exclamation temporal extreme  
King Parmee,Parmee@ibm.com,2018,,steps attend executed dressed  sets  
Sanggoo Kleiter,Kleiter@uni-mb.si,+99 (161) 72703188,2018,,
Siba Brattka,Brattka@auc.dk,2018,,
Anirudh Sakkinen,Sakkinen@umich.edu,2018,,underhand food forge lank  contents block rebellion cure  charge breast  decerns thumb bondage  
Hyunmin Nouali,Nouali@umich.edu,+63 (535) 18060825,2018,,
Chaiyaporn Dhodhi,Dhodhi@poznan.pl,+90 (494) 70544015,2018,,
Tero Bark,Bark@dauphine.fr,+82 (564) 20271552,2018,,
Mabry Chaudhuri,Chaudhuri@unf.edu,+68 (907) 50680728,2018,,
Azzam Shyamasundar,Shyamasundar@wpi.edu,2018,,covert  matrons damned  
Yamine Aluja,Aluja@telcordia.com,2018,,
Costantine Stassinopoulos,Stassinopoulos@umb.edu,2018,,welcome brief playfellows freeze  even fine doom  bank drink ballads possess  cried triumphing  majesty  
Emran Takano,Takano@baylor.edu,+27 (830) 18189467,2018,,voice fruitful  chafed housewives carriages servant  chair capitol  
Mehrdad O'Hallaron,O'Hallaron@filelmaker.com,2018,,trumpets catching  cur lies rare cinna  
Nitsan Veevers,Veevers@ucf.edu,2018,,
Sadok Krackhardt,Krackhardt@hp.com,+66 (358) 22543098,2018,,point serious hatred prologue  lived deny singleness  between band murthers  stalling birds proceeding  offer prophet lieutenant scorn  toad  sleeping mind grew mum  
Nobuki Hirshfeld,Hirshfeld@uni-marburg.de,2018,,oil wrongfully caves  joy bull next  angler vere traveller perjur  
Ronen Peres,Peres@crossgain.com,+84 (965) 95888830,2018,,sentence palmy sad robe  advertise lov begs  perforce ones alliance cost  crush lascivious dames  ladder murther  
Susanna Rodier,Rodier@poznan.pl,+22 (548) 26025792,2018,,
Yaakov Castellani,Castellani@pi.it,2018,,
Neveenta Froberg,Froberg@ucr.edu,2018,,achilles invited  conveyance  
Koichi Ishai,Ishai@uwo.ca,2018,,
Mehrdad Conry,Conry@sybase.com,2018,,
Ekow Viereck,Viereck@filelmaker.com,+39 (609) 24472688,2018,,stalling birds proceeding  apprehension forehead  hie gent  valor forced smoking precise  stroke wings citizens worse  armed oath  decius  lack preparation saw  sequest  swell  hop lands  
Rohan Pileggi,Pileggi@yahoo.com,2018,,advertise lov begs  public draw  torchlight impression  rapier yourself  tried hand  
Jovan Pedrotti,Pedrotti@ucdavis.edu,2018,,
Ragunathan Takano,Takano@mit.edu,+60 (865) 49921220,2018,,unknown  lasting dover intend  philosophy cherish glad  west salisbury countenance  exhibit belov  
Dihua Takano,Takano@lri.fr,+8 (587) 50572171,2018,,marcus broad perfection mount  process tells  bow never beshrew  stoop instantly  
Gio Anily,Anily@sbphrd.com,+38 (461) 25583582,2018,,
Jianhua Pitt,Pitt@lehner.net,+78 (758) 71790438,2018,,
Cecily Ozhan,Ozhan@informix.com,2018,,
Lizy Viele,Viele@ac.kr,+84 (269) 23314340,2018,,afford corruption enjoy him  lap  
Masahiko Louis,Louis@purdue.edu,+25 (114) 83036675,2018,,enjoy  goodness  himself depend imposition cries  freely contrive kindred bohemia  
Weihai Gottlieb,Gottlieb@unical.it,+58 (124) 34959445,2018,,
Sachin Keen,Keen@edu.hk,+16 (540) 44340144,2018,,
Takahira Lutzeler,Lutzeler@ucsd.edu,+70 (586) 83223768,2018,,wine levies  youngest goose  slept  undertake blessed remedy  diamonds vines sundry slip  mortified  camillo  chicken wind  disgraces  sups volume prate lucifer  clubs sirrah nights  wenches form stol  flourish intendment  urgest prophet  civil reasonable cut  brawling wolf poor  
Gradimir Matzel,Matzel@ust.hk,+43 (536) 3549220,2018,,
Mehrdad Stepanov,Stepanov@panasonic.com,+84 (998) 45080781,2018,,
Eltefaat Zervos,Zervos@telcordia.com,2018,,
Hyungjeong Coupe,Coupe@memphis.edu,+40 (79) 30512365,2018,,
Gul Afsarmanesh,Afsarmanesh@uni-freiburg.de,+60 (640) 41815628,2018,,
Hans Korach,Korach@propel.com,+13 (702) 7874131,2018,,
Soraja Gadepally,Gadepally@solidtech.com,+3 (154) 33559092,2018,,
Mehrdad Jonscher,Jonscher@ucr.edu,+20 (276) 441921,2018,,
